{"type":"FeatureCollection","features":[{"type":"Feature","properties":{"id":"3100104","nome":"Abadia dos Dourados","uf":"MG"},"geometry":{"type":"Point","coordinates":[-51,-23]}},{"type":"Feature","properties":{"id":"3100203","nome":"Abaeté","uf":"MG"},"geometry":{"type":"Point","coordinates":[-50.16,-22.73]}},{"type":"Feature","properties":{"id":"3100302","nome":"Abre Campo","uf":"MG"},"geometry":{"type":"Point","coordinates":[-49.32,-22.46]}},{"type":"Feature","properties":{"id":"3100401","nome":"Acaiaca","uf":"MG"},"geometry":{"type":"Point","coordinates":[-48.48,-22.19]}},{"type":"Feature","properties":{"id":"3100500","nome":"Açucena","uf":"MG"},"geometry":{"type":"Point","coordinates":[-47.64,-21.92]}},{"type":"Feature","properties":{"id":"3100609","nome":"Água Boa","uf":"MG"},"geometry":{"type":"Point","coordinates":[-46.8,-21.65]}},{"type":"Feature","properties":{"id":"3100708","nome":"Água Comprida","uf":"MG"},"geometry":{"type":"Point","coordinates":[-45.96,-21.38]}},{"type":"Feature","properties":{"id":"3100807","nome":"Aguanil","uf":"MG"},"geometry":{"type":"Point","coordinates":[-45.12,-21.11]}},{"type":"Feature","properties":{"id":"3100906","nome":"Águas Formosas","uf":"MG"},"geometry":{"type":"Point","coordinates":[-44.28,-20.84]}},{"type":"Feature","properties":{"id":"3101003","nome":"Águas Vermelhas","uf":"MG"},"geometry":{"type":"Point","coordinates":[-43.44,-20.57]}},{"type":"Feature","properties":{"id":"3101102","nome":"Aimorés","uf":"MG"},"geometry":{"type":"Point","coordinates":[-42.6,-20.3]}},{"type":"Feature","properties":{"id":"3101201","nome":"Aiuruoca","uf":"MG"},"geometry":{"type":"Point","coordinates":[-41.76,-20.03]}},{"type":"Feature","properties":{"id":"3101300","nome":"Alagoa","uf":"MG"},"geometry":{"type":"Point","coordinates":[-40.92,-19.76]}},{"type":"Feature","properties":{"id":"3101409","nome":"Albertina","uf":"MG"},"geometry":{"type":"Point","coordinates":[-40.08,-19.490000000000002]}},{"type":"Feature","properties":{"id":"3101508","nome":"Além Paraíba","uf":"MG"},"geometry":{"type":"Point","coordinates":[-39.24,-19.22]}},{"type":"Feature","properties":{"id":"3101607","nome":"Alfenas","uf":"MG"},"geometry":{"type":"Point","coordinates":[-50.4,-18.95]}},{"type":"Feature","properties":{"id":"3101631","nome":"Alfredo Vasconcelos","uf":"MG"},"geometry":{"type":"Point","coordinates":[-49.56,-18.68]}},{"type":"Feature","properties":{"id":"3101706","nome":"Almenara","uf":"MG"},"geometry":{"type":"Point","coordinates":[-48.72,-18.41]}},{"type":"Feature","properties":{"id":"3101805","nome":"Alpercata","uf":"MG"},"geometry":{"type":"Point","coordinates":[-47.88,-18.14]}},{"type":"Feature","properties":{"id":"3101904","nome":"Alpinópolis","uf":"MG"},"geometry":{"type":"Point","coordinates":[-47.04,-17.87]}},{"type":"Feature","properties":{"id":"3102001","nome":"Alterosa","uf":"MG"},"geometry":{"type":"Point","coordinates":[-46.2,-17.6]}},{"type":"Feature","properties":{"id":"3102050","nome":"Alto Caparaó","uf":"MG"},"geometry":{"type":"Point","coordinates":[-45.36,-17.33]}},{"type":"Feature","properties":{"id":"3102100","nome":"Alto Rio Doce","uf":"MG"},"geometry":{"type":"Point","coordinates":[-44.52,-17.060000000000002]}},{"type":"Feature","properties":{"id":"3102209","nome":"Alvarenga","uf":"MG"},"geometry":{"type":"Point","coordinates":[-43.68,-16.79]}},{"type":"Feature","properties":{"id":"3102308","nome":"Alvinópolis","uf":"MG"},"geometry":{"type":"Point","coordinates":[-42.84,-16.52]}},{"type":"Feature","properties":{"id":"3102407","nome":"Alvorada de Minas","uf":"MG"},"geometry":{"type":"Point","coordinates":[-42,-16.25]}},{"type":"Feature","properties":{"id":"3102506","nome":"Amparo do Serra","uf":"MG"},"geometry":{"type":"Point","coordinates":[-41.16,-15.98]}},{"type":"Feature","properties":{"id":"3102605","nome":"Andradas","uf":"MG"},"geometry":{"type":"Point","coordinates":[-40.32,-15.71]}},{"type":"Feature","properties":{"id":"3102704","nome":"Cachoeira de Pajeú","uf":"MG"},"geometry":{"type":"Point","coordinates":[-39.480000000000004,-15.440000000000001]}},{"type":"Feature","properties":{"id":"3102803","nome":"Andrelândia","uf":"MG"},"geometry":{"type":"Point","coordinates":[-50.64,-15.17]}},{"type":"Feature","properties":{"id":"3102852","nome":"Angelândia","uf":"MG"},"geometry":{"type":"Point","coordinates":[-49.8,-14.9]}},{"type":"Feature","properties":{"id":"3102902","nome":"Antônio Carlos","uf":"MG"},"geometry":{"type":"Point","coordinates":[-48.96,-14.63]}},{"type":"Feature","properties":{"id":"3103009","nome":"Antônio Dias","uf":"MG"},"geometry":{"type":"Point","coordinates":[-48.12,-14.36]}},{"type":"Feature","properties":{"id":"3103108","nome":"Antônio Prado de Minas","uf":"MG"},"geometry":{"type":"Point","coordinates":[-47.28,-14.09]}},{"type":"Feature","properties":{"id":"3103207","nome":"Araçaí","uf":"MG"},"geometry":{"type":"Point","coordinates":[-46.44,-22.82]}},{"type":"Feature","properties":{"id":"3103306","nome":"Aracitaba","uf":"MG"},"geometry":{"type":"Point","coordinates":[-45.6,-22.55]}},{"type":"Feature","properties":{"id":"3103405","nome":"Araçuaí","uf":"MG"},"geometry":{"type":"Point","coordinates":[-44.76,-22.28]}},{"type":"Feature","properties":{"id":"3103504","nome":"Araguari","uf":"MG"},"geometry":{"type":"Point","coordinates":[-43.92,-22.01]}},{"type":"Feature","properties":{"id":"3103603","nome":"Arantina","uf":"MG"},"geometry":{"type":"Point","coordinates":[-43.08,-21.74]}},{"type":"Feature","properties":{"id":"3103702","nome":"Araponga","uf":"MG"},"geometry":{"type":"Point","coordinates":[-42.24,-21.47]}},{"type":"Feature","properties":{"id":"3103751","nome":"Araporã","uf":"MG"},"geometry":{"type":"Point","coordinates":[-41.4,-21.2]}},{"type":"Feature","properties":{"id":"3103801","nome":"Arapuá","uf":"MG"},"geometry":{"type":"Point","coordinates":[-40.56,-20.93]}},{"type":"Feature","properties":{"id":"3103900","nome":"Araújos","uf":"MG"},"geometry":{"type":"Point","coordinates":[-39.72,-20.66]}},{"type":"Feature","properties":{"id":"3104007","nome":"Araxá","uf":"MG"},"geometry":{"type":"Point","coordinates":[-50.88,-20.39]}},{"type":"Feature","properties":{"id":"3104106","nome":"Arceburgo","uf":"MG"},"geometry":{"type":"Point","coordinates":[-50.04,-20.12]}},{"type":"Feature","properties":{"id":"3104205","nome":"Arcos","uf":"MG"},"geometry":{"type":"Point","coordinates":[-49.2,-19.85]}},{"type":"Feature","properties":{"id":"3104304","nome":"Areado","uf":"MG"},"geometry":{"type":"Point","coordinates":[-48.36,-19.58]}},{"type":"Feature","properties":{"id":"3104403","nome":"Argirita","uf":"MG"},"geometry":{"type":"Point","coordinates":[-47.52,-19.31]}},{"type":"Feature","properties":{"id":"3104452","nome":"Aricanduva","uf":"MG"},"geometry":{"type":"Point","coordinates":[-46.68,-19.04]}},{"type":"Feature","properties":{"id":"3104502","nome":"Arinos","uf":"MG"},"geometry":{"type":"Point","coordinates":[-45.84,-18.77]}},{"type":"Feature","properties":{"id":"3104601","nome":"Astolfo Dutra","uf":"MG"},"geometry":{"type":"Point","coordinates":[-45,-18.5]}},{"type":"Feature","properties":{"id":"3104700","nome":"Ataléia","uf":"MG"},"geometry":{"type":"Point","coordinates":[-44.16,-18.23]}},{"type":"Feature","properties":{"id":"3104809","nome":"Augusto de Lima","uf":"MG"},"geometry":{"type":"Point","coordinates":[-43.32,-17.96]}},{"type":"Feature","properties":{"id":"3104908","nome":"Baependi","uf":"MG"},"geometry":{"type":"Point","coordinates":[-42.480000000000004,-17.69]}},{"type":"Feature","properties":{"id":"3105004","nome":"Baldim","uf":"MG"},"geometry":{"type":"Point","coordinates":[-41.64,-17.42]}},{"type":"Feature","properties":{"id":"3105103","nome":"Bambuí","uf":"MG"},"geometry":{"type":"Point","coordinates":[-40.8,-17.15]}},{"type":"Feature","properties":{"id":"3105202","nome":"Bandeira","uf":"MG"},"geometry":{"type":"Point","coordinates":[-39.96,-16.88]}},{"type":"Feature","properties":{"id":"3105301","nome":"Bandeira do Sul","uf":"MG"},"geometry":{"type":"Point","coordinates":[-39.120000000000005,-16.61]}},{"type":"Feature","properties":{"id":"3105400","nome":"Barão de Cocais","uf":"MG"},"geometry":{"type":"Point","coordinates":[-50.28,-16.34]}},{"type":"Feature","properties":{"id":"3105509","nome":"Barão do Monte Alto","uf":"MG"},"geometry":{"type":"Point","coordinates":[-49.44,-16.07]}},{"type":"Feature","properties":{"id":"3105608","nome":"Barbacena","uf":"MG"},"geometry":{"type":"Point","coordinates":[-48.6,-15.8]}},{"type":"Feature","properties":{"id":"3105707","nome":"Barra Longa","uf":"MG"},"geometry":{"type":"Point","coordinates":[-47.76,-15.530000000000001]}},{"type":"Feature","properties":{"id":"3105905","nome":"Barroso","uf":"MG"},"geometry":{"type":"Point","coordinates":[-46.92,-15.260000000000002]}},{"type":"Feature","properties":{"id":"3106002","nome":"Bela Vista de Minas","uf":"MG"},"geometry":{"type":"Point","coordinates":[-46.08,-14.99]}},{"type":"Feature","properties":{"id":"3106101","nome":"Belmiro Braga","uf":"MG"},"geometry":{"type":"Point","coordinates":[-45.24,-14.72]}},{"type":"Feature","properties":{"id":"3106200","nome":"Belo Horizonte","uf":"MG"},"geometry":{"type":"Point","coordinates":[-44.4,-14.450000000000001]}},{"type":"Feature","properties":{"id":"3106309","nome":"Belo Oriente","uf":"MG"},"geometry":{"type":"Point","coordinates":[-43.56,-14.18]}},{"type":"Feature","properties":{"id":"3106408","nome":"Belo Vale","uf":"MG"},"geometry":{"type":"Point","coordinates":[-42.72,-22.91]}},{"type":"Feature","properties":{"id":"3106507","nome":"Berilo","uf":"MG"},"geometry":{"type":"Point","coordinates":[-41.88,-22.64]}},{"type":"Feature","properties":{"id":"3106606","nome":"Bertópolis","uf":"MG"},"geometry":{"type":"Point","coordinates":[-41.04,-22.37]}},{"type":"Feature","properties":{"id":"3106655","nome":"Berizal","uf":"MG"},"geometry":{"type":"Point","coordinates":[-40.2,-22.1]}},{"type":"Feature","properties":{"id":"3106705","nome":"Betim","uf":"MG"},"geometry":{"type":"Point","coordinates":[-39.36,-21.83]}},{"type":"Feature","properties":{"id":"3106804","nome":"Bias Fortes","uf":"MG"},"geometry":{"type":"Point","coordinates":[-50.52,-21.56]}},{"type":"Feature","properties":{"id":"3106903","nome":"Bicas","uf":"MG"},"geometry":{"type":"Point","coordinates":[-49.68,-21.29]}},{"type":"Feature","properties":{"id":"3107000","nome":"Biquinhas","uf":"MG"},"geometry":{"type":"Point","coordinates":[-48.84,-21.02]}},{"type":"Feature","properties":{"id":"3107109","nome":"Boa Esperança","uf":"MG"},"geometry":{"type":"Point","coordinates":[-48,-20.75]}},{"type":"Feature","properties":{"id":"3107208","nome":"Bocaina de Minas","uf":"MG"},"geometry":{"type":"Point","coordinates":[-47.16,-20.48]}},{"type":"Feature","properties":{"id":"3107307","nome":"Bocaiúva","uf":"MG"},"geometry":{"type":"Point","coordinates":[-46.32,-20.21]}},{"type":"Feature","properties":{"id":"3107406","nome":"Bom Despacho","uf":"MG"},"geometry":{"type":"Point","coordinates":[-45.480000000000004,-19.94]}},{"type":"Feature","properties":{"id":"3107505","nome":"Bom Jardim de Minas","uf":"MG"},"geometry":{"type":"Point","coordinates":[-44.64,-19.67]}},{"type":"Feature","properties":{"id":"3107604","nome":"Bom Jesus da Penha","uf":"MG"},"geometry":{"type":"Point","coordinates":[-43.8,-19.4]}},{"type":"Feature","properties":{"id":"3107703","nome":"Bom Jesus do Amparo","uf":"MG"},"geometry":{"type":"Point","coordinates":[-42.96,-19.13]}},{"type":"Feature","properties":{"id":"3107802","nome":"Bom Jesus do Galho","uf":"MG"},"geometry":{"type":"Point","coordinates":[-42.120000000000005,-18.86]}},{"type":"Feature","properties":{"id":"3107901","nome":"Bom Repouso","uf":"MG"},"geometry":{"type":"Point","coordinates":[-41.28,-18.59]}},{"type":"Feature","properties":{"id":"3108008","nome":"Bom Sucesso","uf":"MG"},"geometry":{"type":"Point","coordinates":[-40.44,-18.32]}},{"type":"Feature","properties":{"id":"3108107","nome":"Bonfim","uf":"MG"},"geometry":{"type":"Point","coordinates":[-39.6,-18.05]}},{"type":"Feature","properties":{"id":"3108206","nome":"Bonfinópolis de Minas","uf":"MG"},"geometry":{"type":"Point","coordinates":[-50.76,-17.78]}},{"type":"Feature","properties":{"id":"3108255","nome":"Bonito de Minas","uf":"MG"},"geometry":{"type":"Point","coordinates":[-49.92,-17.509999999999998]}},{"type":"Feature","properties":{"id":"3108305","nome":"Borda da Mata","uf":"MG"},"geometry":{"type":"Point","coordinates":[-49.08,-17.240000000000002]}},{"type":"Feature","properties":{"id":"3108404","nome":"Botelhos","uf":"MG"},"geometry":{"type":"Point","coordinates":[-48.24,-16.97]}},{"type":"Feature","properties":{"id":"3108503","nome":"Botumirim","uf":"MG"},"geometry":{"type":"Point","coordinates":[-47.4,-16.7]}},{"type":"Feature","properties":{"id":"3108552","nome":"Brasilândia de Minas","uf":"MG"},"geometry":{"type":"Point","coordinates":[-46.56,-16.43]}},{"type":"Feature","properties":{"id":"3108602","nome":"Brasília de Minas","uf":"MG"},"geometry":{"type":"Point","coordinates":[-45.72,-16.16]}},{"type":"Feature","properties":{"id":"3108701","nome":"Brás Pires","uf":"MG"},"geometry":{"type":"Point","coordinates":[-44.88,-15.89]}},{"type":"Feature","properties":{"id":"3108800","nome":"Braúnas","uf":"MG"},"geometry":{"type":"Point","coordinates":[-44.04,-15.620000000000001]}},{"type":"Feature","properties":{"id":"3108909","nome":"Brazópolis","uf":"MG"},"geometry":{"type":"Point","coordinates":[-43.2,-15.350000000000001]}},{"type":"Feature","properties":{"id":"3109006","nome":"Brumadinho","uf":"MG"},"geometry":{"type":"Point","coordinates":[-42.36,-15.08]}},{"type":"Feature","properties":{"id":"3109105","nome":"Bueno Brandão","uf":"MG"},"geometry":{"type":"Point","coordinates":[-41.519999999999996,-14.81]}},{"type":"Feature","properties":{"id":"3109204","nome":"Buenópolis","uf":"MG"},"geometry":{"type":"Point","coordinates":[-40.68,-14.540000000000001]}},{"type":"Feature","properties":{"id":"3109253","nome":"Bugre","uf":"MG"},"geometry":{"type":"Point","coordinates":[-39.84,-14.27]}},{"type":"Feature","properties":{"id":"3109303","nome":"Buritis","uf":"MG"},"geometry":{"type":"Point","coordinates":[-51,-23]}},{"type":"Feature","properties":{"id":"3109402","nome":"Buritizeiro","uf":"MG"},"geometry":{"type":"Point","coordinates":[-50.16,-22.73]}},{"type":"Feature","properties":{"id":"3109451","nome":"Cabeceira Grande","uf":"MG"},"geometry":{"type":"Point","coordinates":[-49.32,-22.46]}},{"type":"Feature","properties":{"id":"3109501","nome":"Cabo Verde","uf":"MG"},"geometry":{"type":"Point","coordinates":[-48.48,-22.19]}},{"type":"Feature","properties":{"id":"3109600","nome":"Cachoeira da Prata","uf":"MG"},"geometry":{"type":"Point","coordinates":[-47.64,-21.92]}},{"type":"Feature","properties":{"id":"3109709","nome":"Cachoeira de Minas","uf":"MG"},"geometry":{"type":"Point","coordinates":[-46.8,-21.65]}},{"type":"Feature","properties":{"id":"3109808","nome":"Cachoeira Dourada","uf":"MG"},"geometry":{"type":"Point","coordinates":[-45.96,-21.38]}},{"type":"Feature","properties":{"id":"3109907","nome":"Caetanópolis","uf":"MG"},"geometry":{"type":"Point","coordinates":[-45.12,-21.11]}},{"type":"Feature","properties":{"id":"3110004","nome":"Caeté","uf":"MG"},"geometry":{"type":"Point","coordinates":[-44.28,-20.84]}},{"type":"Feature","properties":{"id":"3110103","nome":"Caiana","uf":"MG"},"geometry":{"type":"Point","coordinates":[-43.44,-20.57]}},{"type":"Feature","properties":{"id":"3110202","nome":"Cajuri","uf":"MG"},"geometry":{"type":"Point","coordinates":[-42.6,-20.3]}},{"type":"Feature","properties":{"id":"3110301","nome":"Caldas","uf":"MG"},"geometry":{"type":"Point","coordinates":[-41.76,-20.03]}},{"type":"Feature","properties":{"id":"3110400","nome":"Camacho","uf":"MG"},"geometry":{"type":"Point","coordinates":[-40.92,-19.76]}},{"type":"Feature","properties":{"id":"3110509","nome":"Camanducaia","uf":"MG"},"geometry":{"type":"Point","coordinates":[-40.08,-19.490000000000002]}},{"type":"Feature","properties":{"id":"3110608","nome":"Cambuí","uf":"MG"},"geometry":{"type":"Point","coordinates":[-39.24,-19.22]}},{"type":"Feature","properties":{"id":"3110707","nome":"Cambuquira","uf":"MG"},"geometry":{"type":"Point","coordinates":[-50.4,-18.95]}},{"type":"Feature","properties":{"id":"3110806","nome":"Campanário","uf":"MG"},"geometry":{"type":"Point","coordinates":[-49.56,-18.68]}},{"type":"Feature","properties":{"id":"3110905","nome":"Campanha","uf":"MG"},"geometry":{"type":"Point","coordinates":[-48.72,-18.41]}},{"type":"Feature","properties":{"id":"3111002","nome":"Campestre","uf":"MG"},"geometry":{"type":"Point","coordinates":[-47.88,-18.14]}},{"type":"Feature","properties":{"id":"3111101","nome":"Campina Verde","uf":"MG"},"geometry":{"type":"Point","coordinates":[-47.04,-17.87]}},{"type":"Feature","properties":{"id":"3111150","nome":"Campo Azul","uf":"MG"},"geometry":{"type":"Point","coordinates":[-46.2,-17.6]}},{"type":"Feature","properties":{"id":"3111200","nome":"Campo Belo","uf":"MG"},"geometry":{"type":"Point","coordinates":[-45.36,-17.33]}},{"type":"Feature","properties":{"id":"3111309","nome":"Campo do Meio","uf":"MG"},"geometry":{"type":"Point","coordinates":[-44.52,-17.060000000000002]}},{"type":"Feature","properties":{"id":"3111408","nome":"Campo Florido","uf":"MG"},"geometry":{"type":"Point","coordinates":[-43.68,-16.79]}},{"type":"Feature","properties":{"id":"3111507","nome":"Campos Altos","uf":"MG"},"geometry":{"type":"Point","coordinates":[-42.84,-16.52]}},{"type":"Feature","properties":{"id":"3111606","nome":"Campos Gerais","uf":"MG"},"geometry":{"type":"Point","coordinates":[-42,-16.25]}},{"type":"Feature","properties":{"id":"3111705","nome":"Canaã","uf":"MG"},"geometry":{"type":"Point","coordinates":[-41.16,-15.98]}},{"type":"Feature","properties":{"id":"3111804","nome":"Canápolis","uf":"MG"},"geometry":{"type":"Point","coordinates":[-40.32,-15.71]}},{"type":"Feature","properties":{"id":"3111903","nome":"Cana Verde","uf":"MG"},"geometry":{"type":"Point","coordinates":[-39.480000000000004,-15.440000000000001]}},{"type":"Feature","properties":{"id":"3112000","nome":"Candeias","uf":"MG"},"geometry":{"type":"Point","coordinates":[-50.64,-15.17]}},{"type":"Feature","properties":{"id":"3112059","nome":"Cantagalo","uf":"MG"},"geometry":{"type":"Point","coordinates":[-49.8,-14.9]}},{"type":"Feature","properties":{"id":"3112109","nome":"Caparaó","uf":"MG"},"geometry":{"type":"Point","coordinates":[-48.96,-14.63]}},{"type":"Feature","properties":{"id":"3112208","nome":"Capela Nova","uf":"MG"},"geometry":{"type":"Point","coordinates":[-48.12,-14.36]}},{"type":"Feature","properties":{"id":"3112307","nome":"Capelinha","uf":"MG"},"geometry":{"type":"Point","coordinates":[-47.28,-14.09]}},{"type":"Feature","properties":{"id":"3112406","nome":"Capetinga","uf":"MG"},"geometry":{"type":"Point","coordinates":[-46.44,-22.82]}},{"type":"Feature","properties":{"id":"3112505","nome":"Capim Branco","uf":"MG"},"geometry":{"type":"Point","coordinates":[-45.6,-22.55]}},{"type":"Feature","properties":{"id":"3112604","nome":"Capinópolis","uf":"MG"},"geometry":{"type":"Point","coordinates":[-44.76,-22.28]}},{"type":"Feature","properties":{"id":"3112653","nome":"Capitão Andrade","uf":"MG"},"geometry":{"type":"Point","coordinates":[-43.92,-22.01]}},{"type":"Feature","properties":{"id":"3112703","nome":"Capitão Enéas","uf":"MG"},"geometry":{"type":"Point","coordinates":[-43.08,-21.74]}},{"type":"Feature","properties":{"id":"3112802","nome":"Capitólio","uf":"MG"},"geometry":{"type":"Point","coordinates":[-42.24,-21.47]}},{"type":"Feature","properties":{"id":"3112901","nome":"Caputira","uf":"MG"},"geometry":{"type":"Point","coordinates":[-41.4,-21.2]}},{"type":"Feature","properties":{"id":"3113008","nome":"Caraí","uf":"MG"},"geometry":{"type":"Point","coordinates":[-40.56,-20.93]}},{"type":"Feature","properties":{"id":"3113107","nome":"Caranaíba","uf":"MG"},"geometry":{"type":"Point","coordinates":[-39.72,-20.66]}},{"type":"Feature","properties":{"id":"3113206","nome":"Carandaí","uf":"MG"},"geometry":{"type":"Point","coordinates":[-50.88,-20.39]}},{"type":"Feature","properties":{"id":"3113305","nome":"Carangola","uf":"MG"},"geometry":{"type":"Point","coordinates":[-50.04,-20.12]}},{"type":"Feature","properties":{"id":"3113404","nome":"Caratinga","uf":"MG"},"geometry":{"type":"Point","coordinates":[-49.2,-19.85]}},{"type":"Feature","properties":{"id":"3113503","nome":"Carbonita","uf":"MG"},"geometry":{"type":"Point","coordinates":[-48.36,-19.58]}},{"type":"Feature","properties":{"id":"3113602","nome":"Careaçu","uf":"MG"},"geometry":{"type":"Point","coordinates":[-47.52,-19.31]}},{"type":"Feature","properties":{"id":"3113701","nome":"Carlos Chagas","uf":"MG"},"geometry":{"type":"Point","coordinates":[-46.68,-19.04]}},{"type":"Feature","properties":{"id":"3113800","nome":"Carmésia","uf":"MG"},"geometry":{"type":"Point","coordinates":[-45.84,-18.77]}},{"type":"Feature","properties":{"id":"3113909","nome":"Carmo da Cachoeira","uf":"MG"},"geometry":{"type":"Point","coordinates":[-45,-18.5]}},{"type":"Feature","properties":{"id":"3114006","nome":"Carmo da Mata","uf":"MG"},"geometry":{"type":"Point","coordinates":[-44.16,-18.23]}},{"type":"Feature","properties":{"id":"3114105","nome":"Carmo de Minas","uf":"MG"},"geometry":{"type":"Point","coordinates":[-43.32,-17.96]}},{"type":"Feature","properties":{"id":"3114204","nome":"Carmo do Cajuru","uf":"MG"},"geometry":{"type":"Point","coordinates":[-42.480000000000004,-17.69]}},{"type":"Feature","properties":{"id":"3114303","nome":"Carmo do Paranaíba","uf":"MG"},"geometry":{"type":"Point","coordinates":[-41.64,-17.42]}},{"type":"Feature","properties":{"id":"3114402","nome":"Carmo do Rio Claro","uf":"MG"},"geometry":{"type":"Point","coordinates":[-40.8,-17.15]}},{"type":"Feature","properties":{"id":"3114501","nome":"Carmópolis de Minas","uf":"MG"},"geometry":{"type":"Point","coordinates":[-39.96,-16.88]}},{"type":"Feature","properties":{"id":"3114550","nome":"Carneirinho","uf":"MG"},"geometry":{"type":"Point","coordinates":[-39.120000000000005,-16.61]}},{"type":"Feature","properties":{"id":"3114600","nome":"Carrancas","uf":"MG"},"geometry":{"type":"Point","coordinates":[-50.28,-16.34]}},{"type":"Feature","properties":{"id":"3114709","nome":"Carvalhópolis","uf":"MG"},"geometry":{"type":"Point","coordinates":[-49.44,-16.07]}},{"type":"Feature","properties":{"id":"3114808","nome":"Carvalhos","uf":"MG"},"geometry":{"type":"Point","coordinates":[-48.6,-15.8]}},{"type":"Feature","properties":{"id":"3114907","nome":"Casa Grande","uf":"MG"},"geometry":{"type":"Point","coordinates":[-47.76,-15.530000000000001]}},{"type":"Feature","properties":{"id":"3115003","nome":"Cascalho Rico","uf":"MG"},"geometry":{"type":"Point","coordinates":[-46.92,-15.260000000000002]}},{"type":"Feature","properties":{"id":"3115102","nome":"Cássia","uf":"MG"},"geometry":{"type":"Point","coordinates":[-46.08,-14.99]}},{"type":"Feature","properties":{"id":"3115201","nome":"Conceição da Barra de Minas","uf":"MG"},"geometry":{"type":"Point","coordinates":[-45.24,-14.72]}},{"type":"Feature","properties":{"id":"3115300","nome":"Cataguases","uf":"MG"},"geometry":{"type":"Point","coordinates":[-44.4,-14.450000000000001]}},{"type":"Feature","properties":{"id":"3115359","nome":"Catas Altas","uf":"MG"},"geometry":{"type":"Point","coordinates":[-43.56,-14.18]}},{"type":"Feature","properties":{"id":"3115409","nome":"Catas Altas da Noruega","uf":"MG"},"geometry":{"type":"Point","coordinates":[-42.72,-22.91]}},{"type":"Feature","properties":{"id":"3115458","nome":"Catuji","uf":"MG"},"geometry":{"type":"Point","coordinates":[-41.88,-22.64]}},{"type":"Feature","properties":{"id":"3115474","nome":"Catuti","uf":"MG"},"geometry":{"type":"Point","coordinates":[-41.04,-22.37]}},{"type":"Feature","properties":{"id":"3115508","nome":"Caxambu","uf":"MG"},"geometry":{"type":"Point","coordinates":[-40.2,-22.1]}},{"type":"Feature","properties":{"id":"3115607","nome":"Cedro do Abaeté","uf":"MG"},"geometry":{"type":"Point","coordinates":[-39.36,-21.83]}},{"type":"Feature","properties":{"id":"3115706","nome":"Central de Minas","uf":"MG"},"geometry":{"type":"Point","coordinates":[-50.52,-21.56]}},{"type":"Feature","properties":{"id":"3115805","nome":"Centralina","uf":"MG"},"geometry":{"type":"Point","coordinates":[-49.68,-21.29]}},{"type":"Feature","properties":{"id":"3115904","nome":"Chácara","uf":"MG"},"geometry":{"type":"Point","coordinates":[-48.84,-21.02]}},{"type":"Feature","properties":{"id":"3116001","nome":"Chalé","uf":"MG"},"geometry":{"type":"Point","coordinates":[-48,-20.75]}},{"type":"Feature","properties":{"id":"3116100","nome":"Chapada do Norte","uf":"MG"},"geometry":{"type":"Point","coordinates":[-47.16,-20.48]}},{"type":"Feature","properties":{"id":"3116159","nome":"Chapada Gaúcha","uf":"MG"},"geometry":{"type":"Point","coordinates":[-46.32,-20.21]}},{"type":"Feature","properties":{"id":"3116209","nome":"Chiador","uf":"MG"},"geometry":{"type":"Point","coordinates":[-45.480000000000004,-19.94]}},{"type":"Feature","properties":{"id":"3116308","nome":"Cipotânea","uf":"MG"},"geometry":{"type":"Point","coordinates":[-44.64,-19.67]}},{"type":"Feature","properties":{"id":"3116407","nome":"Claraval","uf":"MG"},"geometry":{"type":"Point","coordinates":[-43.8,-19.4]}},{"type":"Feature","properties":{"id":"3116506","nome":"Claro dos Poções","uf":"MG"},"geometry":{"type":"Point","coordinates":[-42.96,-19.13]}},{"type":"Feature","properties":{"id":"3116605","nome":"Cláudio","uf":"MG"},"geometry":{"type":"Point","coordinates":[-42.120000000000005,-18.86]}},{"type":"Feature","properties":{"id":"3116704","nome":"Coimbra","uf":"MG"},"geometry":{"type":"Point","coordinates":[-41.28,-18.59]}},{"type":"Feature","properties":{"id":"3116803","nome":"Coluna","uf":"MG"},"geometry":{"type":"Point","coordinates":[-40.44,-18.32]}},{"type":"Feature","properties":{"id":"3116902","nome":"Comendador Gomes","uf":"MG"},"geometry":{"type":"Point","coordinates":[-39.6,-18.05]}},{"type":"Feature","properties":{"id":"3117009","nome":"Comercinho","uf":"MG"},"geometry":{"type":"Point","coordinates":[-50.76,-17.78]}},{"type":"Feature","properties":{"id":"3117108","nome":"Conceição da Aparecida","uf":"MG"},"geometry":{"type":"Point","coordinates":[-49.92,-17.509999999999998]}},{"type":"Feature","properties":{"id":"3117207","nome":"Conceição das Pedras","uf":"MG"},"geometry":{"type":"Point","coordinates":[-49.08,-17.240000000000002]}},{"type":"Feature","properties":{"id":"3117306","nome":"Conceição das Alagoas","uf":"MG"},"geometry":{"type":"Point","coordinates":[-48.24,-16.97]}},{"type":"Feature","properties":{"id":"3117405","nome":"Conceição de Ipanema","uf":"MG"},"geometry":{"type":"Point","coordinates":[-47.4,-16.7]}},{"type":"Feature","properties":{"id":"3117504","nome":"Conceição do Mato Dentro","uf":"MG"},"geometry":{"type":"Point","coordinates":[-46.56,-16.43]}},{"type":"Feature","properties":{"id":"3117603","nome":"Conceição do Pará","uf":"MG"},"geometry":{"type":"Point","coordinates":[-45.72,-16.16]}},{"type":"Feature","properties":{"id":"3117702","nome":"Conceição do Rio Verde","uf":"MG"},"geometry":{"type":"Point","coordinates":[-44.88,-15.89]}},{"type":"Feature","properties":{"id":"3117801","nome":"Conceição dos Ouros","uf":"MG"},"geometry":{"type":"Point","coordinates":[-44.04,-15.620000000000001]}},{"type":"Feature","properties":{"id":"3117836","nome":"Cônego Marinho","uf":"MG"},"geometry":{"type":"Point","coordinates":[-43.2,-15.350000000000001]}},{"type":"Feature","properties":{"id":"3117876","nome":"Confins","uf":"MG"},"geometry":{"type":"Point","coordinates":[-42.36,-15.08]}},{"type":"Feature","properties":{"id":"3117900","nome":"Congonhal","uf":"MG"},"geometry":{"type":"Point","coordinates":[-41.519999999999996,-14.81]}},{"type":"Feature","properties":{"id":"3118007","nome":"Congonhas","uf":"MG"},"geometry":{"type":"Point","coordinates":[-40.68,-14.540000000000001]}},{"type":"Feature","properties":{"id":"3118106","nome":"Congonhas do Norte","uf":"MG"},"geometry":{"type":"Point","coordinates":[-39.84,-14.27]}},{"type":"Feature","properties":{"id":"3118205","nome":"Conquista","uf":"MG"},"geometry":{"type":"Point","coordinates":[-51,-23]}},{"type":"Feature","properties":{"id":"3118304","nome":"Conselheiro Lafaiete","uf":"MG"},"geometry":{"type":"Point","coordinates":[-50.16,-22.73]}},{"type":"Feature","properties":{"id":"3118403","nome":"Conselheiro Pena","uf":"MG"},"geometry":{"type":"Point","coordinates":[-49.32,-22.46]}},{"type":"Feature","properties":{"id":"3118502","nome":"Consolação","uf":"MG"},"geometry":{"type":"Point","coordinates":[-48.48,-22.19]}},{"type":"Feature","properties":{"id":"3118601","nome":"Contagem","uf":"MG"},"geometry":{"type":"Point","coordinates":[-47.64,-21.92]}},{"type":"Feature","properties":{"id":"3118700","nome":"Coqueiral","uf":"MG"},"geometry":{"type":"Point","coordinates":[-46.8,-21.65]}},{"type":"Feature","properties":{"id":"3118809","nome":"Coração de Jesus","uf":"MG"},"geometry":{"type":"Point","coordinates":[-45.96,-21.38]}},{"type":"Feature","properties":{"id":"3118908","nome":"Cordisburgo","uf":"MG"},"geometry":{"type":"Point","coordinates":[-45.12,-21.11]}},{"type":"Feature","properties":{"id":"3119005","nome":"Cordislândia","uf":"MG"},"geometry":{"type":"Point","coordinates":[-44.28,-20.84]}},{"type":"Feature","properties":{"id":"3119104","nome":"Corinto","uf":"MG"},"geometry":{"type":"Point","coordinates":[-43.44,-20.57]}},{"type":"Feature","properties":{"id":"3119203","nome":"Coroaci","uf":"MG"},"geometry":{"type":"Point","coordinates":[-42.6,-20.3]}},{"type":"Feature","properties":{"id":"3119302","nome":"Coromandel","uf":"MG"},"geometry":{"type":"Point","coordinates":[-41.76,-20.03]}},{"type":"Feature","properties":{"id":"3119401","nome":"Coronel Fabriciano","uf":"MG"},"geometry":{"type":"Point","coordinates":[-40.92,-19.76]}},{"type":"Feature","properties":{"id":"3119500","nome":"Coronel Murta","uf":"MG"},"geometry":{"type":"Point","coordinates":[-40.08,-19.490000000000002]}},{"type":"Feature","properties":{"id":"3119609","nome":"Coronel Pacheco","uf":"MG"},"geometry":{"type":"Point","coordinates":[-39.24,-19.22]}},{"type":"Feature","properties":{"id":"3119708","nome":"Coronel Xavier Chaves","uf":"MG"},"geometry":{"type":"Point","coordinates":[-50.4,-18.95]}},{"type":"Feature","properties":{"id":"3119807","nome":"Córrego Danta","uf":"MG"},"geometry":{"type":"Point","coordinates":[-49.56,-18.68]}},{"type":"Feature","properties":{"id":"3119906","nome":"Córrego do Bom Jesus","uf":"MG"},"geometry":{"type":"Point","coordinates":[-48.72,-18.41]}},{"type":"Feature","properties":{"id":"3119955","nome":"Córrego Fundo","uf":"MG"},"geometry":{"type":"Point","coordinates":[-47.88,-18.14]}},{"type":"Feature","properties":{"id":"3120003","nome":"Córrego Novo","uf":"MG"},"geometry":{"type":"Point","coordinates":[-47.04,-17.87]}},{"type":"Feature","properties":{"id":"3120102","nome":"Couto de Magalhães de Minas","uf":"MG"},"geometry":{"type":"Point","coordinates":[-46.2,-17.6]}},{"type":"Feature","properties":{"id":"3120151","nome":"Crisólita","uf":"MG"},"geometry":{"type":"Point","coordinates":[-45.36,-17.33]}},{"type":"Feature","properties":{"id":"3120201","nome":"Cristais","uf":"MG"},"geometry":{"type":"Point","coordinates":[-44.52,-17.060000000000002]}},{"type":"Feature","properties":{"id":"3120300","nome":"Cristália","uf":"MG"},"geometry":{"type":"Point","coordinates":[-43.68,-16.79]}},{"type":"Feature","properties":{"id":"3120409","nome":"Cristiano Otoni","uf":"MG"},"geometry":{"type":"Point","coordinates":[-42.84,-16.52]}},{"type":"Feature","properties":{"id":"3120508","nome":"Cristina","uf":"MG"},"geometry":{"type":"Point","coordinates":[-42,-16.25]}},{"type":"Feature","properties":{"id":"3120607","nome":"Crucilândia","uf":"MG"},"geometry":{"type":"Point","coordinates":[-41.16,-15.98]}},{"type":"Feature","properties":{"id":"3120706","nome":"Cruzeiro da Fortaleza","uf":"MG"},"geometry":{"type":"Point","coordinates":[-40.32,-15.71]}},{"type":"Feature","properties":{"id":"3120805","nome":"Cruzília","uf":"MG"},"geometry":{"type":"Point","coordinates":[-39.480000000000004,-15.440000000000001]}},{"type":"Feature","properties":{"id":"3120839","nome":"Cuparaque","uf":"MG"},"geometry":{"type":"Point","coordinates":[-50.64,-15.17]}},{"type":"Feature","properties":{"id":"3120870","nome":"Curral de Dentro","uf":"MG"},"geometry":{"type":"Point","coordinates":[-49.8,-14.9]}},{"type":"Feature","properties":{"id":"3120904","nome":"Curvelo","uf":"MG"},"geometry":{"type":"Point","coordinates":[-48.96,-14.63]}},{"type":"Feature","properties":{"id":"3121001","nome":"Datas","uf":"MG"},"geometry":{"type":"Point","coordinates":[-48.12,-14.36]}},{"type":"Feature","properties":{"id":"3121100","nome":"Delfim Moreira","uf":"MG"},"geometry":{"type":"Point","coordinates":[-47.28,-14.09]}},{"type":"Feature","properties":{"id":"3121209","nome":"Delfinópolis","uf":"MG"},"geometry":{"type":"Point","coordinates":[-46.44,-22.82]}},{"type":"Feature","properties":{"id":"3121258","nome":"Delta","uf":"MG"},"geometry":{"type":"Point","coordinates":[-45.6,-22.55]}},{"type":"Feature","properties":{"id":"3121308","nome":"Descoberto","uf":"MG"},"geometry":{"type":"Point","coordinates":[-44.76,-22.28]}},{"type":"Feature","properties":{"id":"3121407","nome":"Desterro de Entre Rios","uf":"MG"},"geometry":{"type":"Point","coordinates":[-43.92,-22.01]}},{"type":"Feature","properties":{"id":"3121506","nome":"Desterro do Melo","uf":"MG"},"geometry":{"type":"Point","coordinates":[-43.08,-21.74]}},{"type":"Feature","properties":{"id":"3121605","nome":"Diamantina","uf":"MG"},"geometry":{"type":"Point","coordinates":[-42.24,-21.47]}},{"type":"Feature","properties":{"id":"3121704","nome":"Diogo de Vasconcelos","uf":"MG"},"geometry":{"type":"Point","coordinates":[-41.4,-21.2]}},{"type":"Feature","properties":{"id":"3121803","nome":"Dionísio","uf":"MG"},"geometry":{"type":"Point","coordinates":[-40.56,-20.93]}},{"type":"Feature","properties":{"id":"3121902","nome":"Divinésia","uf":"MG"},"geometry":{"type":"Point","coordinates":[-39.72,-20.66]}},{"type":"Feature","properties":{"id":"3122009","nome":"Divino","uf":"MG"},"geometry":{"type":"Point","coordinates":[-50.88,-20.39]}},{"type":"Feature","properties":{"id":"3122108","nome":"Divino das Laranjeiras","uf":"MG"},"geometry":{"type":"Point","coordinates":[-50.04,-20.12]}},{"type":"Feature","properties":{"id":"3122207","nome":"Divinolândia de Minas","uf":"MG"},"geometry":{"type":"Point","coordinates":[-49.2,-19.85]}},{"type":"Feature","properties":{"id":"3122306","nome":"Divinópolis","uf":"MG"},"geometry":{"type":"Point","coordinates":[-48.36,-19.58]}},{"type":"Feature","properties":{"id":"3122355","nome":"Divisa Alegre","uf":"MG"},"geometry":{"type":"Point","coordinates":[-47.52,-19.31]}},{"type":"Feature","properties":{"id":"3122405","nome":"Divisa Nova","uf":"MG"},"geometry":{"type":"Point","coordinates":[-46.68,-19.04]}},{"type":"Feature","properties":{"id":"3122454","nome":"Divisópolis","uf":"MG"},"geometry":{"type":"Point","coordinates":[-45.84,-18.77]}},{"type":"Feature","properties":{"id":"3122470","nome":"Dom Bosco","uf":"MG"},"geometry":{"type":"Point","coordinates":[-45,-18.5]}},{"type":"Feature","properties":{"id":"3122504","nome":"Dom Cavati","uf":"MG"},"geometry":{"type":"Point","coordinates":[-44.16,-18.23]}},{"type":"Feature","properties":{"id":"3122603","nome":"Dom Joaquim","uf":"MG"},"geometry":{"type":"Point","coordinates":[-43.32,-17.96]}},{"type":"Feature","properties":{"id":"3122702","nome":"Dom Silvério","uf":"MG"},"geometry":{"type":"Point","coordinates":[-42.480000000000004,-17.69]}},{"type":"Feature","properties":{"id":"3122801","nome":"Dom Viçoso","uf":"MG"},"geometry":{"type":"Point","coordinates":[-41.64,-17.42]}},{"type":"Feature","properties":{"id":"3122900","nome":"Dona Euzébia","uf":"MG"},"geometry":{"type":"Point","coordinates":[-40.8,-17.15]}},{"type":"Feature","properties":{"id":"3123007","nome":"Dores de Campos","uf":"MG"},"geometry":{"type":"Point","coordinates":[-39.96,-16.88]}},{"type":"Feature","properties":{"id":"3123106","nome":"Dores de Guanhães","uf":"MG"},"geometry":{"type":"Point","coordinates":[-39.120000000000005,-16.61]}},{"type":"Feature","properties":{"id":"3123205","nome":"Dores do Indaiá","uf":"MG"},"geometry":{"type":"Point","coordinates":[-50.28,-16.34]}},{"type":"Feature","properties":{"id":"3123304","nome":"Dores do Turvo","uf":"MG"},"geometry":{"type":"Point","coordinates":[-49.44,-16.07]}},{"type":"Feature","properties":{"id":"3123403","nome":"Doresópolis","uf":"MG"},"geometry":{"type":"Point","coordinates":[-48.6,-15.8]}},{"type":"Feature","properties":{"id":"3123502","nome":"Douradoquara","uf":"MG"},"geometry":{"type":"Point","coordinates":[-47.76,-15.530000000000001]}},{"type":"Feature","properties":{"id":"3123528","nome":"Durandé","uf":"MG"},"geometry":{"type":"Point","coordinates":[-46.92,-15.260000000000002]}},{"type":"Feature","properties":{"id":"3123601","nome":"Elói Mendes","uf":"MG"},"geometry":{"type":"Point","coordinates":[-46.08,-14.99]}},{"type":"Feature","properties":{"id":"3123700","nome":"Engenheiro Caldas","uf":"MG"},"geometry":{"type":"Point","coordinates":[-45.24,-14.72]}},{"type":"Feature","properties":{"id":"3123809","nome":"Engenheiro Navarro","uf":"MG"},"geometry":{"type":"Point","coordinates":[-44.4,-14.450000000000001]}},{"type":"Feature","properties":{"id":"3123858","nome":"Entre Folhas","uf":"MG"},"geometry":{"type":"Point","coordinates":[-43.56,-14.18]}},{"type":"Feature","properties":{"id":"3123908","nome":"Entre Rios de Minas","uf":"MG"},"geometry":{"type":"Point","coordinates":[-42.72,-22.91]}},{"type":"Feature","properties":{"id":"3124005","nome":"Ervália","uf":"MG"},"geometry":{"type":"Point","coordinates":[-41.88,-22.64]}},{"type":"Feature","properties":{"id":"3124104","nome":"Esmeraldas","uf":"MG"},"geometry":{"type":"Point","coordinates":[-41.04,-22.37]}},{"type":"Feature","properties":{"id":"3124203","nome":"Espera Feliz","uf":"MG"},"geometry":{"type":"Point","coordinates":[-40.2,-22.1]}},{"type":"Feature","properties":{"id":"3124302","nome":"Espinosa","uf":"MG"},"geometry":{"type":"Point","coordinates":[-39.36,-21.83]}},{"type":"Feature","properties":{"id":"3124401","nome":"Espírito Santo do Dourado","uf":"MG"},"geometry":{"type":"Point","coordinates":[-50.52,-21.56]}},{"type":"Feature","properties":{"id":"3124500","nome":"Estiva","uf":"MG"},"geometry":{"type":"Point","coordinates":[-49.68,-21.29]}},{"type":"Feature","properties":{"id":"3124609","nome":"Estrela Dalva","uf":"MG"},"geometry":{"type":"Point","coordinates":[-48.84,-21.02]}},{"type":"Feature","properties":{"id":"3124708","nome":"Estrela do Indaiá","uf":"MG"},"geometry":{"type":"Point","coordinates":[-48,-20.75]}},{"type":"Feature","properties":{"id":"3124807","nome":"Estrela do Sul","uf":"MG"},"geometry":{"type":"Point","coordinates":[-47.16,-20.48]}},{"type":"Feature","properties":{"id":"3124906","nome":"Eugenópolis","uf":"MG"},"geometry":{"type":"Point","coordinates":[-46.32,-20.21]}},{"type":"Feature","properties":{"id":"3125002","nome":"Ewbank da Câmara","uf":"MG"},"geometry":{"type":"Point","coordinates":[-45.480000000000004,-19.94]}},{"type":"Feature","properties":{"id":"3125101","nome":"Extrema","uf":"MG"},"geometry":{"type":"Point","coordinates":[-44.64,-19.67]}},{"type":"Feature","properties":{"id":"3125200","nome":"Fama","uf":"MG"},"geometry":{"type":"Point","coordinates":[-43.8,-19.4]}},{"type":"Feature","properties":{"id":"3125309","nome":"Faria Lemos","uf":"MG"},"geometry":{"type":"Point","coordinates":[-42.96,-19.13]}},{"type":"Feature","properties":{"id":"3125408","nome":"Felício dos Santos","uf":"MG"},"geometry":{"type":"Point","coordinates":[-42.120000000000005,-18.86]}},{"type":"Feature","properties":{"id":"3125507","nome":"São Gonçalo do Rio Preto","uf":"MG"},"geometry":{"type":"Point","coordinates":[-41.28,-18.59]}},{"type":"Feature","properties":{"id":"3125606","nome":"Felisburgo","uf":"MG"},"geometry":{"type":"Point","coordinates":[-40.44,-18.32]}},{"type":"Feature","properties":{"id":"3125705","nome":"Felixlândia","uf":"MG"},"geometry":{"type":"Point","coordinates":[-39.6,-18.05]}},{"type":"Feature","properties":{"id":"3125804","nome":"Fernandes Tourinho","uf":"MG"},"geometry":{"type":"Point","coordinates":[-50.76,-17.78]}},{"type":"Feature","properties":{"id":"3125903","nome":"Ferros","uf":"MG"},"geometry":{"type":"Point","coordinates":[-49.92,-17.509999999999998]}},{"type":"Feature","properties":{"id":"3125952","nome":"Fervedouro","uf":"MG"},"geometry":{"type":"Point","coordinates":[-49.08,-17.240000000000002]}},{"type":"Feature","properties":{"id":"3126000","nome":"Florestal","uf":"MG"},"geometry":{"type":"Point","coordinates":[-48.24,-16.97]}},{"type":"Feature","properties":{"id":"3126109","nome":"Formiga","uf":"MG"},"geometry":{"type":"Point","coordinates":[-47.4,-16.7]}},{"type":"Feature","properties":{"id":"3126208","nome":"Formoso","uf":"MG"},"geometry":{"type":"Point","coordinates":[-46.56,-16.43]}},{"type":"Feature","properties":{"id":"3126307","nome":"Fortaleza de Minas","uf":"MG"},"geometry":{"type":"Point","coordinates":[-45.72,-16.16]}},{"type":"Feature","properties":{"id":"3126406","nome":"Fortuna de Minas","uf":"MG"},"geometry":{"type":"Point","coordinates":[-44.88,-15.89]}},{"type":"Feature","properties":{"id":"3126505","nome":"Francisco Badaró","uf":"MG"},"geometry":{"type":"Point","coordinates":[-44.04,-15.620000000000001]}},{"type":"Feature","properties":{"id":"3126604","nome":"Francisco Dumont","uf":"MG"},"geometry":{"type":"Point","coordinates":[-43.2,-15.350000000000001]}},{"type":"Feature","properties":{"id":"3126703","nome":"Francisco Sá","uf":"MG"},"geometry":{"type":"Point","coordinates":[-42.36,-15.08]}},{"type":"Feature","properties":{"id":"3126752","nome":"Franciscópolis","uf":"MG"},"geometry":{"type":"Point","coordinates":[-41.519999999999996,-14.81]}},{"type":"Feature","properties":{"id":"3126802","nome":"Frei Gaspar","uf":"MG"},"geometry":{"type":"Point","coordinates":[-40.68,-14.540000000000001]}},{"type":"Feature","properties":{"id":"3126901","nome":"Frei Inocêncio","uf":"MG"},"geometry":{"type":"Point","coordinates":[-39.84,-14.27]}},{"type":"Feature","properties":{"id":"3126950","nome":"Frei Lagonegro","uf":"MG"},"geometry":{"type":"Point","coordinates":[-51,-23]}},{"type":"Feature","properties":{"id":"3127008","nome":"Fronteira","uf":"MG"},"geometry":{"type":"Point","coordinates":[-50.16,-22.73]}},{"type":"Feature","properties":{"id":"3127057","nome":"Fronteira dos Vales","uf":"MG"},"geometry":{"type":"Point","coordinates":[-49.32,-22.46]}},{"type":"Feature","properties":{"id":"3127073","nome":"Fruta de Leite","uf":"MG"},"geometry":{"type":"Point","coordinates":[-48.48,-22.19]}},{"type":"Feature","properties":{"id":"3127107","nome":"Frutal","uf":"MG"},"geometry":{"type":"Point","coordinates":[-47.64,-21.92]}},{"type":"Feature","properties":{"id":"3127206","nome":"Funilândia","uf":"MG"},"geometry":{"type":"Point","coordinates":[-46.8,-21.65]}},{"type":"Feature","properties":{"id":"3127305","nome":"Galiléia","uf":"MG"},"geometry":{"type":"Point","coordinates":[-45.96,-21.38]}},{"type":"Feature","properties":{"id":"3127339","nome":"Gameleiras","uf":"MG"},"geometry":{"type":"Point","coordinates":[-45.12,-21.11]}},{"type":"Feature","properties":{"id":"3127354","nome":"Glaucilândia","uf":"MG"},"geometry":{"type":"Point","coordinates":[-44.28,-20.84]}},{"type":"Feature","properties":{"id":"3127370","nome":"Goiabeira","uf":"MG"},"geometry":{"type":"Point","coordinates":[-43.44,-20.57]}},{"type":"Feature","properties":{"id":"3127388","nome":"Goianá","uf":"MG"},"geometry":{"type":"Point","coordinates":[-42.6,-20.3]}},{"type":"Feature","properties":{"id":"3127404","nome":"Gonçalves","uf":"MG"},"geometry":{"type":"Point","coordinates":[-41.76,-20.03]}},{"type":"Feature","properties":{"id":"3127503","nome":"Gonzaga","uf":"MG"},"geometry":{"type":"Point","coordinates":[-40.92,-19.76]}},{"type":"Feature","properties":{"id":"3127602","nome":"Gouveia","uf":"MG"},"geometry":{"type":"Point","coordinates":[-40.08,-19.490000000000002]}},{"type":"Feature","properties":{"id":"3127701","nome":"Governador Valadares","uf":"MG"},"geometry":{"type":"Point","coordinates":[-39.24,-19.22]}},{"type":"Feature","properties":{"id":"3127800","nome":"Grão Mogol","uf":"MG"},"geometry":{"type":"Point","coordinates":[-50.4,-18.95]}},{"type":"Feature","properties":{"id":"3127909","nome":"Grupiara","uf":"MG"},"geometry":{"type":"Point","coordinates":[-49.56,-18.68]}},{"type":"Feature","properties":{"id":"3128006","nome":"Guanhães","uf":"MG"},"geometry":{"type":"Point","coordinates":[-48.72,-18.41]}},{"type":"Feature","properties":{"id":"3128105","nome":"Guapé","uf":"MG"},"geometry":{"type":"Point","coordinates":[-47.88,-18.14]}},{"type":"Feature","properties":{"id":"3128204","nome":"Guaraciaba","uf":"MG"},"geometry":{"type":"Point","coordinates":[-47.04,-17.87]}},{"type":"Feature","properties":{"id":"3128253","nome":"Guaraciama","uf":"MG"},"geometry":{"type":"Point","coordinates":[-46.2,-17.6]}},{"type":"Feature","properties":{"id":"3128303","nome":"Guaranésia","uf":"MG"},"geometry":{"type":"Point","coordinates":[-45.36,-17.33]}},{"type":"Feature","properties":{"id":"3128402","nome":"Guarani","uf":"MG"},"geometry":{"type":"Point","coordinates":[-44.52,-17.060000000000002]}},{"type":"Feature","properties":{"id":"3128501","nome":"Guarará","uf":"MG"},"geometry":{"type":"Point","coordinates":[-43.68,-16.79]}},{"type":"Feature","properties":{"id":"3128600","nome":"Guarda-Mor","uf":"MG"},"geometry":{"type":"Point","coordinates":[-42.84,-16.52]}},{"type":"Feature","properties":{"id":"3128709","nome":"Guaxupé","uf":"MG"},"geometry":{"type":"Point","coordinates":[-42,-16.25]}},{"type":"Feature","properties":{"id":"3128808","nome":"Guidoval","uf":"MG"},"geometry":{"type":"Point","coordinates":[-41.16,-15.98]}},{"type":"Feature","properties":{"id":"3128907","nome":"Guimarânia","uf":"MG"},"geometry":{"type":"Point","coordinates":[-40.32,-15.71]}},{"type":"Feature","properties":{"id":"3129004","nome":"Guiricema","uf":"MG"},"geometry":{"type":"Point","coordinates":[-39.480000000000004,-15.440000000000001]}},{"type":"Feature","properties":{"id":"3129103","nome":"Gurinhatã","uf":"MG"},"geometry":{"type":"Point","coordinates":[-50.64,-15.17]}},{"type":"Feature","properties":{"id":"3129202","nome":"Heliodora","uf":"MG"},"geometry":{"type":"Point","coordinates":[-49.8,-14.9]}},{"type":"Feature","properties":{"id":"3129301","nome":"Iapu","uf":"MG"},"geometry":{"type":"Point","coordinates":[-48.96,-14.63]}},{"type":"Feature","properties":{"id":"3129400","nome":"Ibertioga","uf":"MG"},"geometry":{"type":"Point","coordinates":[-48.12,-14.36]}},{"type":"Feature","properties":{"id":"3129509","nome":"Ibiá","uf":"MG"},"geometry":{"type":"Point","coordinates":[-47.28,-14.09]}},{"type":"Feature","properties":{"id":"3129608","nome":"Ibiaí","uf":"MG"},"geometry":{"type":"Point","coordinates":[-46.44,-22.82]}},{"type":"Feature","properties":{"id":"3129657","nome":"Ibiracatu","uf":"MG"},"geometry":{"type":"Point","coordinates":[-45.6,-22.55]}},{"type":"Feature","properties":{"id":"3129707","nome":"Ibiraci","uf":"MG"},"geometry":{"type":"Point","coordinates":[-44.76,-22.28]}},{"type":"Feature","properties":{"id":"3129806","nome":"Ibirité","uf":"MG"},"geometry":{"type":"Point","coordinates":[-43.92,-22.01]}},{"type":"Feature","properties":{"id":"3129905","nome":"Ibitiúra de Minas","uf":"MG"},"geometry":{"type":"Point","coordinates":[-43.08,-21.74]}},{"type":"Feature","properties":{"id":"3130002","nome":"Ibituruna","uf":"MG"},"geometry":{"type":"Point","coordinates":[-42.24,-21.47]}},{"type":"Feature","properties":{"id":"3130051","nome":"Icaraí de Minas","uf":"MG"},"geometry":{"type":"Point","coordinates":[-41.4,-21.2]}},{"type":"Feature","properties":{"id":"3130101","nome":"Igarapé","uf":"MG"},"geometry":{"type":"Point","coordinates":[-40.56,-20.93]}},{"type":"Feature","properties":{"id":"3130200","nome":"Igaratinga","uf":"MG"},"geometry":{"type":"Point","coordinates":[-39.72,-20.66]}},{"type":"Feature","properties":{"id":"3130309","nome":"Iguatama","uf":"MG"},"geometry":{"type":"Point","coordinates":[-50.88,-20.39]}},{"type":"Feature","properties":{"id":"3130408","nome":"Ijaci","uf":"MG"},"geometry":{"type":"Point","coordinates":[-50.04,-20.12]}},{"type":"Feature","properties":{"id":"3130507","nome":"Ilicínea","uf":"MG"},"geometry":{"type":"Point","coordinates":[-49.2,-19.85]}},{"type":"Feature","properties":{"id":"3130556","nome":"Imbé de Minas","uf":"MG"},"geometry":{"type":"Point","coordinates":[-48.36,-19.58]}},{"type":"Feature","properties":{"id":"3130606","nome":"Inconfidentes","uf":"MG"},"geometry":{"type":"Point","coordinates":[-47.52,-19.31]}},{"type":"Feature","properties":{"id":"3130655","nome":"Indaiabira","uf":"MG"},"geometry":{"type":"Point","coordinates":[-46.68,-19.04]}},{"type":"Feature","properties":{"id":"3130705","nome":"Indianópolis","uf":"MG"},"geometry":{"type":"Point","coordinates":[-45.84,-18.77]}},{"type":"Feature","properties":{"id":"3130804","nome":"Ingaí","uf":"MG"},"geometry":{"type":"Point","coordinates":[-45,-18.5]}},{"type":"Feature","properties":{"id":"3130903","nome":"Inhapim","uf":"MG"},"geometry":{"type":"Point","coordinates":[-44.16,-18.23]}},{"type":"Feature","properties":{"id":"3131000","nome":"Inhaúma","uf":"MG"},"geometry":{"type":"Point","coordinates":[-43.32,-17.96]}},{"type":"Feature","properties":{"id":"3131109","nome":"Inimutaba","uf":"MG"},"geometry":{"type":"Point","coordinates":[-42.480000000000004,-17.69]}},{"type":"Feature","properties":{"id":"3131158","nome":"Ipaba","uf":"MG"},"geometry":{"type":"Point","coordinates":[-41.64,-17.42]}},{"type":"Feature","properties":{"id":"3131208","nome":"Ipanema","uf":"MG"},"geometry":{"type":"Point","coordinates":[-40.8,-17.15]}},{"type":"Feature","properties":{"id":"3131307","nome":"Ipatinga","uf":"MG"},"geometry":{"type":"Point","coordinates":[-39.96,-16.88]}},{"type":"Feature","properties":{"id":"3131406","nome":"Ipiaçu","uf":"MG"},"geometry":{"type":"Point","coordinates":[-39.120000000000005,-16.61]}},{"type":"Feature","properties":{"id":"3131505","nome":"Ipuiúna","uf":"MG"},"geometry":{"type":"Point","coordinates":[-50.28,-16.34]}},{"type":"Feature","properties":{"id":"3131604","nome":"Iraí de Minas","uf":"MG"},"geometry":{"type":"Point","coordinates":[-49.44,-16.07]}},{"type":"Feature","properties":{"id":"3131703","nome":"Itabira","uf":"MG"},"geometry":{"type":"Point","coordinates":[-48.6,-15.8]}},{"type":"Feature","properties":{"id":"3131802","nome":"Itabirinha","uf":"MG"},"geometry":{"type":"Point","coordinates":[-47.76,-15.530000000000001]}},{"type":"Feature","properties":{"id":"3131901","nome":"Itabirito","uf":"MG"},"geometry":{"type":"Point","coordinates":[-46.92,-15.260000000000002]}},{"type":"Feature","properties":{"id":"3132008","nome":"Itacambira","uf":"MG"},"geometry":{"type":"Point","coordinates":[-46.08,-14.99]}},{"type":"Feature","properties":{"id":"3132107","nome":"Itacarambi","uf":"MG"},"geometry":{"type":"Point","coordinates":[-45.24,-14.72]}},{"type":"Feature","properties":{"id":"3132206","nome":"Itaguara","uf":"MG"},"geometry":{"type":"Point","coordinates":[-44.4,-14.450000000000001]}},{"type":"Feature","properties":{"id":"3132305","nome":"Itaipé","uf":"MG"},"geometry":{"type":"Point","coordinates":[-43.56,-14.18]}},{"type":"Feature","properties":{"id":"3132404","nome":"Itajubá","uf":"MG"},"geometry":{"type":"Point","coordinates":[-42.72,-22.91]}},{"type":"Feature","properties":{"id":"3132503","nome":"Itamarandiba","uf":"MG"},"geometry":{"type":"Point","coordinates":[-41.88,-22.64]}},{"type":"Feature","properties":{"id":"3132602","nome":"Itamarati de Minas","uf":"MG"},"geometry":{"type":"Point","coordinates":[-41.04,-22.37]}},{"type":"Feature","properties":{"id":"3132701","nome":"Itambacuri","uf":"MG"},"geometry":{"type":"Point","coordinates":[-40.2,-22.1]}},{"type":"Feature","properties":{"id":"3132800","nome":"Itambé do Mato Dentro","uf":"MG"},"geometry":{"type":"Point","coordinates":[-39.36,-21.83]}},{"type":"Feature","properties":{"id":"3132909","nome":"Itamogi","uf":"MG"},"geometry":{"type":"Point","coordinates":[-50.52,-21.56]}},{"type":"Feature","properties":{"id":"3133006","nome":"Itamonte","uf":"MG"},"geometry":{"type":"Point","coordinates":[-49.68,-21.29]}},{"type":"Feature","properties":{"id":"3133105","nome":"Itanhandu","uf":"MG"},"geometry":{"type":"Point","coordinates":[-48.84,-21.02]}},{"type":"Feature","properties":{"id":"3133204","nome":"Itanhomi","uf":"MG"},"geometry":{"type":"Point","coordinates":[-48,-20.75]}},{"type":"Feature","properties":{"id":"3133303","nome":"Itaobim","uf":"MG"},"geometry":{"type":"Point","coordinates":[-47.16,-20.48]}},{"type":"Feature","properties":{"id":"3133402","nome":"Itapagipe","uf":"MG"},"geometry":{"type":"Point","coordinates":[-46.32,-20.21]}},{"type":"Feature","properties":{"id":"3133501","nome":"Itapecerica","uf":"MG"},"geometry":{"type":"Point","coordinates":[-45.480000000000004,-19.94]}},{"type":"Feature","properties":{"id":"3133600","nome":"Itapeva","uf":"MG"},"geometry":{"type":"Point","coordinates":[-44.64,-19.67]}},{"type":"Feature","properties":{"id":"3133709","nome":"Itatiaiuçu","uf":"MG"},"geometry":{"type":"Point","coordinates":[-43.8,-19.4]}},{"type":"Feature","properties":{"id":"3133758","nome":"Itaú de Minas","uf":"MG"},"geometry":{"type":"Point","coordinates":[-42.96,-19.13]}},{"type":"Feature","properties":{"id":"3133808","nome":"Itaúna","uf":"MG"},"geometry":{"type":"Point","coordinates":[-42.120000000000005,-18.86]}},{"type":"Feature","properties":{"id":"3133907","nome":"Itaverava","uf":"MG"},"geometry":{"type":"Point","coordinates":[-41.28,-18.59]}},{"type":"Feature","properties":{"id":"3134004","nome":"Itinga","uf":"MG"},"geometry":{"type":"Point","coordinates":[-40.44,-18.32]}},{"type":"Feature","properties":{"id":"3134103","nome":"Itueta","uf":"MG"},"geometry":{"type":"Point","coordinates":[-39.6,-18.05]}},{"type":"Feature","properties":{"id":"3134202","nome":"Ituiutaba","uf":"MG"},"geometry":{"type":"Point","coordinates":[-50.76,-17.78]}},{"type":"Feature","properties":{"id":"3134301","nome":"Itumirim","uf":"MG"},"geometry":{"type":"Point","coordinates":[-49.92,-17.509999999999998]}},{"type":"Feature","properties":{"id":"3134400","nome":"Iturama","uf":"MG"},"geometry":{"type":"Point","coordinates":[-49.08,-17.240000000000002]}},{"type":"Feature","properties":{"id":"3134509","nome":"Itutinga","uf":"MG"},"geometry":{"type":"Point","coordinates":[-48.24,-16.97]}},{"type":"Feature","properties":{"id":"3134608","nome":"Jaboticatubas","uf":"MG"},"geometry":{"type":"Point","coordinates":[-47.4,-16.7]}},{"type":"Feature","properties":{"id":"3134707","nome":"Jacinto","uf":"MG"},"geometry":{"type":"Point","coordinates":[-46.56,-16.43]}},{"type":"Feature","properties":{"id":"3134806","nome":"Jacuí","uf":"MG"},"geometry":{"type":"Point","coordinates":[-45.72,-16.16]}},{"type":"Feature","properties":{"id":"3134905","nome":"Jacutinga","uf":"MG"},"geometry":{"type":"Point","coordinates":[-44.88,-15.89]}},{"type":"Feature","properties":{"id":"3135001","nome":"Jaguaraçu","uf":"MG"},"geometry":{"type":"Point","coordinates":[-44.04,-15.620000000000001]}},{"type":"Feature","properties":{"id":"3135050","nome":"Jaíba","uf":"MG"},"geometry":{"type":"Point","coordinates":[-43.2,-15.350000000000001]}},{"type":"Feature","properties":{"id":"3135076","nome":"Jampruca","uf":"MG"},"geometry":{"type":"Point","coordinates":[-42.36,-15.08]}},{"type":"Feature","properties":{"id":"3135100","nome":"Janaúba","uf":"MG"},"geometry":{"type":"Point","coordinates":[-41.519999999999996,-14.81]}},{"type":"Feature","properties":{"id":"3135209","nome":"Januária","uf":"MG"},"geometry":{"type":"Point","coordinates":[-40.68,-14.540000000000001]}},{"type":"Feature","properties":{"id":"3135308","nome":"Japaraíba","uf":"MG"},"geometry":{"type":"Point","coordinates":[-39.84,-14.27]}},{"type":"Feature","properties":{"id":"3135357","nome":"Japonvar","uf":"MG"},"geometry":{"type":"Point","coordinates":[-51,-23]}},{"type":"Feature","properties":{"id":"3135407","nome":"Jeceaba","uf":"MG"},"geometry":{"type":"Point","coordinates":[-50.16,-22.73]}},{"type":"Feature","properties":{"id":"3135456","nome":"Jenipapo de Minas","uf":"MG"},"geometry":{"type":"Point","coordinates":[-49.32,-22.46]}},{"type":"Feature","properties":{"id":"3135506","nome":"Jequeri","uf":"MG"},"geometry":{"type":"Point","coordinates":[-48.48,-22.19]}},{"type":"Feature","properties":{"id":"3135605","nome":"Jequitaí","uf":"MG"},"geometry":{"type":"Point","coordinates":[-47.64,-21.92]}},{"type":"Feature","properties":{"id":"3135704","nome":"Jequitibá","uf":"MG"},"geometry":{"type":"Point","coordinates":[-46.8,-21.65]}},{"type":"Feature","properties":{"id":"3135803","nome":"Jequitinhonha","uf":"MG"},"geometry":{"type":"Point","coordinates":[-45.96,-21.38]}},{"type":"Feature","properties":{"id":"3135902","nome":"Jesuânia","uf":"MG"},"geometry":{"type":"Point","coordinates":[-45.12,-21.11]}},{"type":"Feature","properties":{"id":"3136009","nome":"Joaíma","uf":"MG"},"geometry":{"type":"Point","coordinates":[-44.28,-20.84]}},{"type":"Feature","properties":{"id":"3136108","nome":"Joanésia","uf":"MG"},"geometry":{"type":"Point","coordinates":[-43.44,-20.57]}},{"type":"Feature","properties":{"id":"3136207","nome":"João Monlevade","uf":"MG"},"geometry":{"type":"Point","coordinates":[-42.6,-20.3]}},{"type":"Feature","properties":{"id":"3136306","nome":"João Pinheiro","uf":"MG"},"geometry":{"type":"Point","coordinates":[-41.76,-20.03]}},{"type":"Feature","properties":{"id":"3136405","nome":"Joaquim Felício","uf":"MG"},"geometry":{"type":"Point","coordinates":[-40.92,-19.76]}},{"type":"Feature","properties":{"id":"3136504","nome":"Jordânia","uf":"MG"},"geometry":{"type":"Point","coordinates":[-40.08,-19.490000000000002]}},{"type":"Feature","properties":{"id":"3136520","nome":"José Gonçalves de Minas","uf":"MG"},"geometry":{"type":"Point","coordinates":[-39.24,-19.22]}},{"type":"Feature","properties":{"id":"3136553","nome":"José Raydan","uf":"MG"},"geometry":{"type":"Point","coordinates":[-50.4,-18.95]}},{"type":"Feature","properties":{"id":"3136579","nome":"Josenópolis","uf":"MG"},"geometry":{"type":"Point","coordinates":[-49.56,-18.68]}},{"type":"Feature","properties":{"id":"3136603","nome":"Nova União","uf":"MG"},"geometry":{"type":"Point","coordinates":[-48.72,-18.41]}},{"type":"Feature","properties":{"id":"3136652","nome":"Juatuba","uf":"MG"},"geometry":{"type":"Point","coordinates":[-47.88,-18.14]}},{"type":"Feature","properties":{"id":"3136702","nome":"Juiz de Fora","uf":"MG"},"geometry":{"type":"Point","coordinates":[-47.04,-17.87]}},{"type":"Feature","properties":{"id":"3136801","nome":"Juramento","uf":"MG"},"geometry":{"type":"Point","coordinates":[-46.2,-17.6]}},{"type":"Feature","properties":{"id":"3136900","nome":"Juruaia","uf":"MG"},"geometry":{"type":"Point","coordinates":[-45.36,-17.33]}},{"type":"Feature","properties":{"id":"3136959","nome":"Juvenília","uf":"MG"},"geometry":{"type":"Point","coordinates":[-44.52,-17.060000000000002]}},{"type":"Feature","properties":{"id":"3137007","nome":"Ladainha","uf":"MG"},"geometry":{"type":"Point","coordinates":[-43.68,-16.79]}},{"type":"Feature","properties":{"id":"3137106","nome":"Lagamar","uf":"MG"},"geometry":{"type":"Point","coordinates":[-42.84,-16.52]}},{"type":"Feature","properties":{"id":"3137205","nome":"Lagoa da Prata","uf":"MG"},"geometry":{"type":"Point","coordinates":[-42,-16.25]}},{"type":"Feature","properties":{"id":"3137304","nome":"Lagoa dos Patos","uf":"MG"},"geometry":{"type":"Point","coordinates":[-41.16,-15.98]}},{"type":"Feature","properties":{"id":"3137403","nome":"Lagoa Dourada","uf":"MG"},"geometry":{"type":"Point","coordinates":[-40.32,-15.71]}},{"type":"Feature","properties":{"id":"3137502","nome":"Lagoa Formosa","uf":"MG"},"geometry":{"type":"Point","coordinates":[-39.480000000000004,-15.440000000000001]}},{"type":"Feature","properties":{"id":"3137536","nome":"Lagoa Grande","uf":"MG"},"geometry":{"type":"Point","coordinates":[-50.64,-15.17]}},{"type":"Feature","properties":{"id":"3137601","nome":"Lagoa Santa","uf":"MG"},"geometry":{"type":"Point","coordinates":[-49.8,-14.9]}},{"type":"Feature","properties":{"id":"3137700","nome":"Lajinha","uf":"MG"},"geometry":{"type":"Point","coordinates":[-48.96,-14.63]}},{"type":"Feature","properties":{"id":"3137809","nome":"Lambari","uf":"MG"},"geometry":{"type":"Point","coordinates":[-48.12,-14.36]}},{"type":"Feature","properties":{"id":"3137908","nome":"Lamim","uf":"MG"},"geometry":{"type":"Point","coordinates":[-47.28,-14.09]}},{"type":"Feature","properties":{"id":"3138005","nome":"Laranjal","uf":"MG"},"geometry":{"type":"Point","coordinates":[-46.44,-22.82]}},{"type":"Feature","properties":{"id":"3138104","nome":"Lassance","uf":"MG"},"geometry":{"type":"Point","coordinates":[-45.6,-22.55]}},{"type":"Feature","properties":{"id":"3138203","nome":"Lavras","uf":"MG"},"geometry":{"type":"Point","coordinates":[-44.76,-22.28]}},{"type":"Feature","properties":{"id":"3138302","nome":"Leandro Ferreira","uf":"MG"},"geometry":{"type":"Point","coordinates":[-43.92,-22.01]}},{"type":"Feature","properties":{"id":"3138351","nome":"Leme do Prado","uf":"MG"},"geometry":{"type":"Point","coordinates":[-43.08,-21.74]}},{"type":"Feature","properties":{"id":"3138401","nome":"Leopoldina","uf":"MG"},"geometry":{"type":"Point","coordinates":[-42.24,-21.47]}},{"type":"Feature","properties":{"id":"3138500","nome":"Liberdade","uf":"MG"},"geometry":{"type":"Point","coordinates":[-41.4,-21.2]}},{"type":"Feature","properties":{"id":"3138609","nome":"Lima Duarte","uf":"MG"},"geometry":{"type":"Point","coordinates":[-40.56,-20.93]}},{"type":"Feature","properties":{"id":"3138625","nome":"Limeira do Oeste","uf":"MG"},"geometry":{"type":"Point","coordinates":[-39.72,-20.66]}},{"type":"Feature","properties":{"id":"3138658","nome":"Lontra","uf":"MG"},"geometry":{"type":"Point","coordinates":[-50.88,-20.39]}},{"type":"Feature","properties":{"id":"3138674","nome":"Luisburgo","uf":"MG"},"geometry":{"type":"Point","coordinates":[-50.04,-20.12]}},{"type":"Feature","properties":{"id":"3138682","nome":"Luislândia","uf":"MG"},"geometry":{"type":"Point","coordinates":[-49.2,-19.85]}},{"type":"Feature","properties":{"id":"3138708","nome":"Luminárias","uf":"MG"},"geometry":{"type":"Point","coordinates":[-48.36,-19.58]}},{"type":"Feature","properties":{"id":"3138807","nome":"Luz","uf":"MG"},"geometry":{"type":"Point","coordinates":[-47.52,-19.31]}},{"type":"Feature","properties":{"id":"3138906","nome":"Machacalis","uf":"MG"},"geometry":{"type":"Point","coordinates":[-46.68,-19.04]}},{"type":"Feature","properties":{"id":"3139003","nome":"Machado","uf":"MG"},"geometry":{"type":"Point","coordinates":[-45.84,-18.77]}},{"type":"Feature","properties":{"id":"3139102","nome":"Madre de Deus de Minas","uf":"MG"},"geometry":{"type":"Point","coordinates":[-45,-18.5]}},{"type":"Feature","properties":{"id":"3139201","nome":"Malacacheta","uf":"MG"},"geometry":{"type":"Point","coordinates":[-44.16,-18.23]}},{"type":"Feature","properties":{"id":"3139250","nome":"Mamonas","uf":"MG"},"geometry":{"type":"Point","coordinates":[-43.32,-17.96]}},{"type":"Feature","properties":{"id":"3139300","nome":"Manga","uf":"MG"},"geometry":{"type":"Point","coordinates":[-42.480000000000004,-17.69]}},{"type":"Feature","properties":{"id":"3139409","nome":"Manhuaçu","uf":"MG"},"geometry":{"type":"Point","coordinates":[-41.64,-17.42]}},{"type":"Feature","properties":{"id":"3139508","nome":"Manhumirim","uf":"MG"},"geometry":{"type":"Point","coordinates":[-40.8,-17.15]}},{"type":"Feature","properties":{"id":"3139607","nome":"Mantena","uf":"MG"},"geometry":{"type":"Point","coordinates":[-39.96,-16.88]}},{"type":"Feature","properties":{"id":"3139706","nome":"Maravilhas","uf":"MG"},"geometry":{"type":"Point","coordinates":[-39.120000000000005,-16.61]}},{"type":"Feature","properties":{"id":"3139805","nome":"Mar de Espanha","uf":"MG"},"geometry":{"type":"Point","coordinates":[-50.28,-16.34]}},{"type":"Feature","properties":{"id":"3139904","nome":"Maria da Fé","uf":"MG"},"geometry":{"type":"Point","coordinates":[-49.44,-16.07]}},{"type":"Feature","properties":{"id":"3140001","nome":"Mariana","uf":"MG"},"geometry":{"type":"Point","coordinates":[-48.6,-15.8]}},{"type":"Feature","properties":{"id":"3140100","nome":"Marilac","uf":"MG"},"geometry":{"type":"Point","coordinates":[-47.76,-15.530000000000001]}},{"type":"Feature","properties":{"id":"3140159","nome":"Mário Campos","uf":"MG"},"geometry":{"type":"Point","coordinates":[-46.92,-15.260000000000002]}},{"type":"Feature","properties":{"id":"3140209","nome":"Maripá de Minas","uf":"MG"},"geometry":{"type":"Point","coordinates":[-46.08,-14.99]}},{"type":"Feature","properties":{"id":"3140308","nome":"Marliéria","uf":"MG"},"geometry":{"type":"Point","coordinates":[-45.24,-14.72]}},{"type":"Feature","properties":{"id":"3140407","nome":"Marmelópolis","uf":"MG"},"geometry":{"type":"Point","coordinates":[-44.4,-14.450000000000001]}},{"type":"Feature","properties":{"id":"3140506","nome":"Martinho Campos","uf":"MG"},"geometry":{"type":"Point","coordinates":[-43.56,-14.18]}},{"type":"Feature","properties":{"id":"3140530","nome":"Martins Soares","uf":"MG"},"geometry":{"type":"Point","coordinates":[-42.72,-22.91]}},{"type":"Feature","properties":{"id":"3140555","nome":"Mata Verde","uf":"MG"},"geometry":{"type":"Point","coordinates":[-41.88,-22.64]}},{"type":"Feature","properties":{"id":"3140605","nome":"Materlândia","uf":"MG"},"geometry":{"type":"Point","coordinates":[-41.04,-22.37]}},{"type":"Feature","properties":{"id":"3140704","nome":"Mateus Leme","uf":"MG"},"geometry":{"type":"Point","coordinates":[-40.2,-22.1]}},{"type":"Feature","properties":{"id":"3140803","nome":"Matias Barbosa","uf":"MG"},"geometry":{"type":"Point","coordinates":[-39.36,-21.83]}},{"type":"Feature","properties":{"id":"3140852","nome":"Matias Cardoso","uf":"MG"},"geometry":{"type":"Point","coordinates":[-50.52,-21.56]}},{"type":"Feature","properties":{"id":"3140902","nome":"Matipó","uf":"MG"},"geometry":{"type":"Point","coordinates":[-49.68,-21.29]}},{"type":"Feature","properties":{"id":"3141009","nome":"Mato Verde","uf":"MG"},"geometry":{"type":"Point","coordinates":[-48.84,-21.02]}},{"type":"Feature","properties":{"id":"3141108","nome":"Matozinhos","uf":"MG"},"geometry":{"type":"Point","coordinates":[-48,-20.75]}},{"type":"Feature","properties":{"id":"3141207","nome":"Matutina","uf":"MG"},"geometry":{"type":"Point","coordinates":[-47.16,-20.48]}},{"type":"Feature","properties":{"id":"3141306","nome":"Medeiros","uf":"MG"},"geometry":{"type":"Point","coordinates":[-46.32,-20.21]}},{"type":"Feature","properties":{"id":"3141405","nome":"Medina","uf":"MG"},"geometry":{"type":"Point","coordinates":[-45.480000000000004,-19.94]}},{"type":"Feature","properties":{"id":"3141504","nome":"Mendes Pimentel","uf":"MG"},"geometry":{"type":"Point","coordinates":[-44.64,-19.67]}},{"type":"Feature","properties":{"id":"3141603","nome":"Mercês","uf":"MG"},"geometry":{"type":"Point","coordinates":[-43.8,-19.4]}},{"type":"Feature","properties":{"id":"3141702","nome":"Mesquita","uf":"MG"},"geometry":{"type":"Point","coordinates":[-42.96,-19.13]}},{"type":"Feature","properties":{"id":"3141801","nome":"Minas Novas","uf":"MG"},"geometry":{"type":"Point","coordinates":[-42.120000000000005,-18.86]}},{"type":"Feature","properties":{"id":"3141900","nome":"Minduri","uf":"MG"},"geometry":{"type":"Point","coordinates":[-41.28,-18.59]}},{"type":"Feature","properties":{"id":"3142007","nome":"Mirabela","uf":"MG"},"geometry":{"type":"Point","coordinates":[-40.44,-18.32]}},{"type":"Feature","properties":{"id":"3142106","nome":"Miradouro","uf":"MG"},"geometry":{"type":"Point","coordinates":[-39.6,-18.05]}},{"type":"Feature","properties":{"id":"3142205","nome":"Miraí","uf":"MG"},"geometry":{"type":"Point","coordinates":[-50.76,-17.78]}},{"type":"Feature","properties":{"id":"3142254","nome":"Miravânia","uf":"MG"},"geometry":{"type":"Point","coordinates":[-49.92,-17.509999999999998]}},{"type":"Feature","properties":{"id":"3142304","nome":"Moeda","uf":"MG"},"geometry":{"type":"Point","coordinates":[-49.08,-17.240000000000002]}},{"type":"Feature","properties":{"id":"3142403","nome":"Moema","uf":"MG"},"geometry":{"type":"Point","coordinates":[-48.24,-16.97]}},{"type":"Feature","properties":{"id":"3142502","nome":"Monjolos","uf":"MG"},"geometry":{"type":"Point","coordinates":[-47.4,-16.7]}},{"type":"Feature","properties":{"id":"3142601","nome":"Monsenhor Paulo","uf":"MG"},"geometry":{"type":"Point","coordinates":[-46.56,-16.43]}},{"type":"Feature","properties":{"id":"3142700","nome":"Montalvânia","uf":"MG"},"geometry":{"type":"Point","coordinates":[-45.72,-16.16]}},{"type":"Feature","properties":{"id":"3142809","nome":"Monte Alegre de Minas","uf":"MG"},"geometry":{"type":"Point","coordinates":[-44.88,-15.89]}},{"type":"Feature","properties":{"id":"3142908","nome":"Monte Azul","uf":"MG"},"geometry":{"type":"Point","coordinates":[-44.04,-15.620000000000001]}},{"type":"Feature","properties":{"id":"3143005","nome":"Monte Belo","uf":"MG"},"geometry":{"type":"Point","coordinates":[-43.2,-15.350000000000001]}},{"type":"Feature","properties":{"id":"3143104","nome":"Monte Carmelo","uf":"MG"},"geometry":{"type":"Point","coordinates":[-42.36,-15.08]}},{"type":"Feature","properties":{"id":"3143153","nome":"Monte Formoso","uf":"MG"},"geometry":{"type":"Point","coordinates":[-41.519999999999996,-14.81]}},{"type":"Feature","properties":{"id":"3143203","nome":"Monte Santo de Minas","uf":"MG"},"geometry":{"type":"Point","coordinates":[-40.68,-14.540000000000001]}},{"type":"Feature","properties":{"id":"3143302","nome":"Montes Claros","uf":"MG"},"geometry":{"type":"Point","coordinates":[-39.84,-14.27]}},{"type":"Feature","properties":{"id":"3143401","nome":"Monte Sião","uf":"MG"},"geometry":{"type":"Point","coordinates":[-51,-23]}},{"type":"Feature","properties":{"id":"3143450","nome":"Montezuma","uf":"MG"},"geometry":{"type":"Point","coordinates":[-50.16,-22.73]}},{"type":"Feature","properties":{"id":"3143500","nome":"Morada Nova de Minas","uf":"MG"},"geometry":{"type":"Point","coordinates":[-49.32,-22.46]}},{"type":"Feature","properties":{"id":"3143609","nome":"Morro da Garça","uf":"MG"},"geometry":{"type":"Point","coordinates":[-48.48,-22.19]}},{"type":"Feature","properties":{"id":"3143708","nome":"Morro do Pilar","uf":"MG"},"geometry":{"type":"Point","coordinates":[-47.64,-21.92]}},{"type":"Feature","properties":{"id":"3143807","nome":"Munhoz","uf":"MG"},"geometry":{"type":"Point","coordinates":[-46.8,-21.65]}},{"type":"Feature","properties":{"id":"3143906","nome":"Muriaé","uf":"MG"},"geometry":{"type":"Point","coordinates":[-45.96,-21.38]}},{"type":"Feature","properties":{"id":"3144003","nome":"Mutum","uf":"MG"},"geometry":{"type":"Point","coordinates":[-45.12,-21.11]}},{"type":"Feature","properties":{"id":"3144102","nome":"Muzambinho","uf":"MG"},"geometry":{"type":"Point","coordinates":[-44.28,-20.84]}},{"type":"Feature","properties":{"id":"3144201","nome":"Nacip Raydan","uf":"MG"},"geometry":{"type":"Point","coordinates":[-43.44,-20.57]}},{"type":"Feature","properties":{"id":"3144300","nome":"Nanuque","uf":"MG"},"geometry":{"type":"Point","coordinates":[-42.6,-20.3]}},{"type":"Feature","properties":{"id":"3144359","nome":"Naque","uf":"MG"},"geometry":{"type":"Point","coordinates":[-41.76,-20.03]}},{"type":"Feature","properties":{"id":"3144375","nome":"Natalândia","uf":"MG"},"geometry":{"type":"Point","coordinates":[-40.92,-19.76]}},{"type":"Feature","properties":{"id":"3144409","nome":"Natércia","uf":"MG"},"geometry":{"type":"Point","coordinates":[-40.08,-19.490000000000002]}},{"type":"Feature","properties":{"id":"3144508","nome":"Nazareno","uf":"MG"},"geometry":{"type":"Point","coordinates":[-39.24,-19.22]}},{"type":"Feature","properties":{"id":"3144607","nome":"Nepomuceno","uf":"MG"},"geometry":{"type":"Point","coordinates":[-50.4,-18.95]}},{"type":"Feature","properties":{"id":"3144656","nome":"Ninheira","uf":"MG"},"geometry":{"type":"Point","coordinates":[-49.56,-18.68]}},{"type":"Feature","properties":{"id":"3144672","nome":"Nova Belém","uf":"MG"},"geometry":{"type":"Point","coordinates":[-48.72,-18.41]}},{"type":"Feature","properties":{"id":"3144706","nome":"Nova Era","uf":"MG"},"geometry":{"type":"Point","coordinates":[-47.88,-18.14]}},{"type":"Feature","properties":{"id":"3144805","nome":"Nova Lima","uf":"MG"},"geometry":{"type":"Point","coordinates":[-47.04,-17.87]}},{"type":"Feature","properties":{"id":"3144904","nome":"Nova Módica","uf":"MG"},"geometry":{"type":"Point","coordinates":[-46.2,-17.6]}},{"type":"Feature","properties":{"id":"3145000","nome":"Nova Ponte","uf":"MG"},"geometry":{"type":"Point","coordinates":[-45.36,-17.33]}},{"type":"Feature","properties":{"id":"3145059","nome":"Nova Porteirinha","uf":"MG"},"geometry":{"type":"Point","coordinates":[-44.52,-17.060000000000002]}},{"type":"Feature","properties":{"id":"3145109","nome":"Nova Resende","uf":"MG"},"geometry":{"type":"Point","coordinates":[-43.68,-16.79]}},{"type":"Feature","properties":{"id":"3145208","nome":"Nova Serrana","uf":"MG"},"geometry":{"type":"Point","coordinates":[-42.84,-16.52]}},{"type":"Feature","properties":{"id":"3145307","nome":"Novo Cruzeiro","uf":"MG"},"geometry":{"type":"Point","coordinates":[-42,-16.25]}},{"type":"Feature","properties":{"id":"3145356","nome":"Novo Oriente de Minas","uf":"MG"},"geometry":{"type":"Point","coordinates":[-41.16,-15.98]}},{"type":"Feature","properties":{"id":"3145372","nome":"Novorizonte","uf":"MG"},"geometry":{"type":"Point","coordinates":[-40.32,-15.71]}},{"type":"Feature","properties":{"id":"3145406","nome":"Olaria","uf":"MG"},"geometry":{"type":"Point","coordinates":[-39.480000000000004,-15.440000000000001]}},{"type":"Feature","properties":{"id":"3145455","nome":"Olhos-d'Água","uf":"MG"},"geometry":{"type":"Point","coordinates":[-50.64,-15.17]}},{"type":"Feature","properties":{"id":"3145505","nome":"Olímpio Noronha","uf":"MG"},"geometry":{"type":"Point","coordinates":[-49.8,-14.9]}},{"type":"Feature","properties":{"id":"3145604","nome":"Oliveira","uf":"MG"},"geometry":{"type":"Point","coordinates":[-48.96,-14.63]}},{"type":"Feature","properties":{"id":"3145703","nome":"Oliveira Fortes","uf":"MG"},"geometry":{"type":"Point","coordinates":[-48.12,-14.36]}},{"type":"Feature","properties":{"id":"3145802","nome":"Onça de Pitangui","uf":"MG"},"geometry":{"type":"Point","coordinates":[-47.28,-14.09]}},{"type":"Feature","properties":{"id":"3145851","nome":"Oratórios","uf":"MG"},"geometry":{"type":"Point","coordinates":[-46.44,-22.82]}},{"type":"Feature","properties":{"id":"3145877","nome":"Orizânia","uf":"MG"},"geometry":{"type":"Point","coordinates":[-45.6,-22.55]}},{"type":"Feature","properties":{"id":"3145901","nome":"Ouro Branco","uf":"MG"},"geometry":{"type":"Point","coordinates":[-44.76,-22.28]}},{"type":"Feature","properties":{"id":"3146008","nome":"Ouro Fino","uf":"MG"},"geometry":{"type":"Point","coordinates":[-43.92,-22.01]}},{"type":"Feature","properties":{"id":"3146107","nome":"Ouro Preto","uf":"MG"},"geometry":{"type":"Point","coordinates":[-43.08,-21.74]}},{"type":"Feature","properties":{"id":"3146206","nome":"Ouro Verde de Minas","uf":"MG"},"geometry":{"type":"Point","coordinates":[-42.24,-21.47]}},{"type":"Feature","properties":{"id":"3146255","nome":"Padre Carvalho","uf":"MG"},"geometry":{"type":"Point","coordinates":[-41.4,-21.2]}},{"type":"Feature","properties":{"id":"3146305","nome":"Padre Paraíso","uf":"MG"},"geometry":{"type":"Point","coordinates":[-40.56,-20.93]}},{"type":"Feature","properties":{"id":"3146404","nome":"Paineiras","uf":"MG"},"geometry":{"type":"Point","coordinates":[-39.72,-20.66]}},{"type":"Feature","properties":{"id":"3146503","nome":"Pains","uf":"MG"},"geometry":{"type":"Point","coordinates":[-50.88,-20.39]}},{"type":"Feature","properties":{"id":"3146552","nome":"Pai Pedro","uf":"MG"},"geometry":{"type":"Point","coordinates":[-50.04,-20.12]}},{"type":"Feature","properties":{"id":"3146602","nome":"Paiva","uf":"MG"},"geometry":{"type":"Point","coordinates":[-49.2,-19.85]}},{"type":"Feature","properties":{"id":"3146701","nome":"Palma","uf":"MG"},"geometry":{"type":"Point","coordinates":[-48.36,-19.58]}},{"type":"Feature","properties":{"id":"3146750","nome":"Palmópolis","uf":"MG"},"geometry":{"type":"Point","coordinates":[-47.52,-19.31]}},{"type":"Feature","properties":{"id":"3146909","nome":"Papagaios","uf":"MG"},"geometry":{"type":"Point","coordinates":[-46.68,-19.04]}},{"type":"Feature","properties":{"id":"3147006","nome":"Paracatu","uf":"MG"},"geometry":{"type":"Point","coordinates":[-45.84,-18.77]}},{"type":"Feature","properties":{"id":"3147105","nome":"Pará de Minas","uf":"MG"},"geometry":{"type":"Point","coordinates":[-45,-18.5]}},{"type":"Feature","properties":{"id":"3147204","nome":"Paraguaçu","uf":"MG"},"geometry":{"type":"Point","coordinates":[-44.16,-18.23]}},{"type":"Feature","properties":{"id":"3147303","nome":"Paraisópolis","uf":"MG"},"geometry":{"type":"Point","coordinates":[-43.32,-17.96]}},{"type":"Feature","properties":{"id":"3147402","nome":"Paraopeba","uf":"MG"},"geometry":{"type":"Point","coordinates":[-42.480000000000004,-17.69]}},{"type":"Feature","properties":{"id":"3147501","nome":"Passabém","uf":"MG"},"geometry":{"type":"Point","coordinates":[-41.64,-17.42]}},{"type":"Feature","properties":{"id":"3147600","nome":"Passa Quatro","uf":"MG"},"geometry":{"type":"Point","coordinates":[-40.8,-17.15]}},{"type":"Feature","properties":{"id":"3147709","nome":"Passa Tempo","uf":"MG"},"geometry":{"type":"Point","coordinates":[-39.96,-16.88]}},{"type":"Feature","properties":{"id":"3147808","nome":"Passa Vinte","uf":"MG"},"geometry":{"type":"Point","coordinates":[-39.120000000000005,-16.61]}},{"type":"Feature","properties":{"id":"3147907","nome":"Passos","uf":"MG"},"geometry":{"type":"Point","coordinates":[-50.28,-16.34]}},{"type":"Feature","properties":{"id":"3147956","nome":"Patis","uf":"MG"},"geometry":{"type":"Point","coordinates":[-49.44,-16.07]}},{"type":"Feature","properties":{"id":"3148004","nome":"Patos de Minas","uf":"MG"},"geometry":{"type":"Point","coordinates":[-48.6,-15.8]}},{"type":"Feature","properties":{"id":"3148103","nome":"Patrocínio","uf":"MG"},"geometry":{"type":"Point","coordinates":[-47.76,-15.530000000000001]}},{"type":"Feature","properties":{"id":"3148202","nome":"Patrocínio do Muriaé","uf":"MG"},"geometry":{"type":"Point","coordinates":[-46.92,-15.260000000000002]}},{"type":"Feature","properties":{"id":"3148301","nome":"Paula Cândido","uf":"MG"},"geometry":{"type":"Point","coordinates":[-46.08,-14.99]}},{"type":"Feature","properties":{"id":"3148400","nome":"Paulistas","uf":"MG"},"geometry":{"type":"Point","coordinates":[-45.24,-14.72]}},{"type":"Feature","properties":{"id":"3148509","nome":"Pavão","uf":"MG"},"geometry":{"type":"Point","coordinates":[-44.4,-14.450000000000001]}},{"type":"Feature","properties":{"id":"3148608","nome":"Peçanha","uf":"MG"},"geometry":{"type":"Point","coordinates":[-43.56,-14.18]}},{"type":"Feature","properties":{"id":"3148707","nome":"Pedra Azul","uf":"MG"},"geometry":{"type":"Point","coordinates":[-42.72,-22.91]}},{"type":"Feature","properties":{"id":"3148756","nome":"Pedra Bonita","uf":"MG"},"geometry":{"type":"Point","coordinates":[-41.88,-22.64]}},{"type":"Feature","properties":{"id":"3148806","nome":"Pedra do Anta","uf":"MG"},"geometry":{"type":"Point","coordinates":[-41.04,-22.37]}},{"type":"Feature","properties":{"id":"3148905","nome":"Pedra do Indaiá","uf":"MG"},"geometry":{"type":"Point","coordinates":[-40.2,-22.1]}},{"type":"Feature","properties":{"id":"3149002","nome":"Pedra Dourada","uf":"MG"},"geometry":{"type":"Point","coordinates":[-39.36,-21.83]}},{"type":"Feature","properties":{"id":"3149101","nome":"Pedralva","uf":"MG"},"geometry":{"type":"Point","coordinates":[-50.52,-21.56]}},{"type":"Feature","properties":{"id":"3149150","nome":"Pedras de Maria da Cruz","uf":"MG"},"geometry":{"type":"Point","coordinates":[-49.68,-21.29]}},{"type":"Feature","properties":{"id":"3149200","nome":"Pedrinópolis","uf":"MG"},"geometry":{"type":"Point","coordinates":[-48.84,-21.02]}},{"type":"Feature","properties":{"id":"3149309","nome":"Pedro Leopoldo","uf":"MG"},"geometry":{"type":"Point","coordinates":[-48,-20.75]}},{"type":"Feature","properties":{"id":"3149408","nome":"Pedro Teixeira","uf":"MG"},"geometry":{"type":"Point","coordinates":[-47.16,-20.48]}},{"type":"Feature","properties":{"id":"3149507","nome":"Pequeri","uf":"MG"},"geometry":{"type":"Point","coordinates":[-46.32,-20.21]}},{"type":"Feature","properties":{"id":"3149606","nome":"Pequi","uf":"MG"},"geometry":{"type":"Point","coordinates":[-45.480000000000004,-19.94]}},{"type":"Feature","properties":{"id":"3149705","nome":"Perdigão","uf":"MG"},"geometry":{"type":"Point","coordinates":[-44.64,-19.67]}},{"type":"Feature","properties":{"id":"3149804","nome":"Perdizes","uf":"MG"},"geometry":{"type":"Point","coordinates":[-43.8,-19.4]}},{"type":"Feature","properties":{"id":"3149903","nome":"Perdões","uf":"MG"},"geometry":{"type":"Point","coordinates":[-42.96,-19.13]}},{"type":"Feature","properties":{"id":"3149952","nome":"Periquito","uf":"MG"},"geometry":{"type":"Point","coordinates":[-42.120000000000005,-18.86]}},{"type":"Feature","properties":{"id":"3150000","nome":"Pescador","uf":"MG"},"geometry":{"type":"Point","coordinates":[-41.28,-18.59]}},{"type":"Feature","properties":{"id":"3150109","nome":"Piau","uf":"MG"},"geometry":{"type":"Point","coordinates":[-40.44,-18.32]}},{"type":"Feature","properties":{"id":"3150158","nome":"Piedade de Caratinga","uf":"MG"},"geometry":{"type":"Point","coordinates":[-39.6,-18.05]}},{"type":"Feature","properties":{"id":"3150208","nome":"Piedade de Ponte Nova","uf":"MG"},"geometry":{"type":"Point","coordinates":[-50.76,-17.78]}},{"type":"Feature","properties":{"id":"3150307","nome":"Piedade do Rio Grande","uf":"MG"},"geometry":{"type":"Point","coordinates":[-49.92,-17.509999999999998]}},{"type":"Feature","properties":{"id":"3150406","nome":"Piedade dos Gerais","uf":"MG"},"geometry":{"type":"Point","coordinates":[-49.08,-17.240000000000002]}},{"type":"Feature","properties":{"id":"3150505","nome":"Pimenta","uf":"MG"},"geometry":{"type":"Point","coordinates":[-48.24,-16.97]}},{"type":"Feature","properties":{"id":"3150539","nome":"Pingo-d'Água","uf":"MG"},"geometry":{"type":"Point","coordinates":[-47.4,-16.7]}},{"type":"Feature","properties":{"id":"3150570","nome":"Pintópolis","uf":"MG"},"geometry":{"type":"Point","coordinates":[-46.56,-16.43]}},{"type":"Feature","properties":{"id":"3150604","nome":"Piracema","uf":"MG"},"geometry":{"type":"Point","coordinates":[-45.72,-16.16]}},{"type":"Feature","properties":{"id":"3150703","nome":"Pirajuba","uf":"MG"},"geometry":{"type":"Point","coordinates":[-44.88,-15.89]}},{"type":"Feature","properties":{"id":"3150802","nome":"Piranga","uf":"MG"},"geometry":{"type":"Point","coordinates":[-44.04,-15.620000000000001]}},{"type":"Feature","properties":{"id":"3150901","nome":"Piranguçu","uf":"MG"},"geometry":{"type":"Point","coordinates":[-43.2,-15.350000000000001]}},{"type":"Feature","properties":{"id":"3151008","nome":"Piranguinho","uf":"MG"},"geometry":{"type":"Point","coordinates":[-42.36,-15.08]}},{"type":"Feature","properties":{"id":"3151107","nome":"Pirapetinga","uf":"MG"},"geometry":{"type":"Point","coordinates":[-41.519999999999996,-14.81]}},{"type":"Feature","properties":{"id":"3151206","nome":"Pirapora","uf":"MG"},"geometry":{"type":"Point","coordinates":[-40.68,-14.540000000000001]}},{"type":"Feature","properties":{"id":"3151305","nome":"Piraúba","uf":"MG"},"geometry":{"type":"Point","coordinates":[-39.84,-14.27]}},{"type":"Feature","properties":{"id":"3151404","nome":"Pitangui","uf":"MG"},"geometry":{"type":"Point","coordinates":[-51,-23]}},{"type":"Feature","properties":{"id":"3151503","nome":"Piumhi","uf":"MG"},"geometry":{"type":"Point","coordinates":[-50.16,-22.73]}},{"type":"Feature","properties":{"id":"3151602","nome":"Planura","uf":"MG"},"geometry":{"type":"Point","coordinates":[-49.32,-22.46]}},{"type":"Feature","properties":{"id":"3151701","nome":"Poço Fundo","uf":"MG"},"geometry":{"type":"Point","coordinates":[-48.48,-22.19]}},{"type":"Feature","properties":{"id":"3151800","nome":"Poços de Caldas","uf":"MG"},"geometry":{"type":"Point","coordinates":[-47.64,-21.92]}},{"type":"Feature","properties":{"id":"3151909","nome":"Pocrane","uf":"MG"},"geometry":{"type":"Point","coordinates":[-46.8,-21.65]}},{"type":"Feature","properties":{"id":"3152006","nome":"Pompéu","uf":"MG"},"geometry":{"type":"Point","coordinates":[-45.96,-21.38]}},{"type":"Feature","properties":{"id":"3152105","nome":"Ponte Nova","uf":"MG"},"geometry":{"type":"Point","coordinates":[-45.12,-21.11]}},{"type":"Feature","properties":{"id":"3152131","nome":"Ponto Chique","uf":"MG"},"geometry":{"type":"Point","coordinates":[-44.28,-20.84]}},{"type":"Feature","properties":{"id":"3152170","nome":"Ponto dos Volantes","uf":"MG"},"geometry":{"type":"Point","coordinates":[-43.44,-20.57]}},{"type":"Feature","properties":{"id":"3152204","nome":"Porteirinha","uf":"MG"},"geometry":{"type":"Point","coordinates":[-42.6,-20.3]}},{"type":"Feature","properties":{"id":"3152303","nome":"Porto Firme","uf":"MG"},"geometry":{"type":"Point","coordinates":[-41.76,-20.03]}},{"type":"Feature","properties":{"id":"3152402","nome":"Poté","uf":"MG"},"geometry":{"type":"Point","coordinates":[-40.92,-19.76]}},{"type":"Feature","properties":{"id":"3152501","nome":"Pouso Alegre","uf":"MG"},"geometry":{"type":"Point","coordinates":[-40.08,-19.490000000000002]}},{"type":"Feature","properties":{"id":"3152600","nome":"Pouso Alto","uf":"MG"},"geometry":{"type":"Point","coordinates":[-39.24,-19.22]}},{"type":"Feature","properties":{"id":"3152709","nome":"Prados","uf":"MG"},"geometry":{"type":"Point","coordinates":[-50.4,-18.95]}},{"type":"Feature","properties":{"id":"3152808","nome":"Prata","uf":"MG"},"geometry":{"type":"Point","coordinates":[-49.56,-18.68]}},{"type":"Feature","properties":{"id":"3152907","nome":"Pratápolis","uf":"MG"},"geometry":{"type":"Point","coordinates":[-48.72,-18.41]}},{"type":"Feature","properties":{"id":"3153004","nome":"Pratinha","uf":"MG"},"geometry":{"type":"Point","coordinates":[-47.88,-18.14]}},{"type":"Feature","properties":{"id":"3153103","nome":"Presidente Bernardes","uf":"MG"},"geometry":{"type":"Point","coordinates":[-47.04,-17.87]}},{"type":"Feature","properties":{"id":"3153202","nome":"Presidente Juscelino","uf":"MG"},"geometry":{"type":"Point","coordinates":[-46.2,-17.6]}},{"type":"Feature","properties":{"id":"3153301","nome":"Presidente Kubitschek","uf":"MG"},"geometry":{"type":"Point","coordinates":[-45.36,-17.33]}},{"type":"Feature","properties":{"id":"3153400","nome":"Presidente Olegário","uf":"MG"},"geometry":{"type":"Point","coordinates":[-44.52,-17.060000000000002]}},{"type":"Feature","properties":{"id":"3153509","nome":"Alto Jequitibá","uf":"MG"},"geometry":{"type":"Point","coordinates":[-43.68,-16.79]}},{"type":"Feature","properties":{"id":"3153608","nome":"Prudente de Morais","uf":"MG"},"geometry":{"type":"Point","coordinates":[-42.84,-16.52]}},{"type":"Feature","properties":{"id":"3153707","nome":"Quartel Geral","uf":"MG"},"geometry":{"type":"Point","coordinates":[-42,-16.25]}},{"type":"Feature","properties":{"id":"3153806","nome":"Queluzito","uf":"MG"},"geometry":{"type":"Point","coordinates":[-41.16,-15.98]}},{"type":"Feature","properties":{"id":"3153905","nome":"Raposos","uf":"MG"},"geometry":{"type":"Point","coordinates":[-40.32,-15.71]}},{"type":"Feature","properties":{"id":"3154002","nome":"Raul Soares","uf":"MG"},"geometry":{"type":"Point","coordinates":[-39.480000000000004,-15.440000000000001]}},{"type":"Feature","properties":{"id":"3154101","nome":"Recreio","uf":"MG"},"geometry":{"type":"Point","coordinates":[-50.64,-15.17]}},{"type":"Feature","properties":{"id":"3154150","nome":"Reduto","uf":"MG"},"geometry":{"type":"Point","coordinates":[-49.8,-14.9]}},{"type":"Feature","properties":{"id":"3154200","nome":"Resende Costa","uf":"MG"},"geometry":{"type":"Point","coordinates":[-48.96,-14.63]}},{"type":"Feature","properties":{"id":"3154309","nome":"Resplendor","uf":"MG"},"geometry":{"type":"Point","coordinates":[-48.12,-14.36]}},{"type":"Feature","properties":{"id":"3154408","nome":"Ressaquinha","uf":"MG"},"geometry":{"type":"Point","coordinates":[-47.28,-14.09]}},{"type":"Feature","properties":{"id":"3154457","nome":"Riachinho","uf":"MG"},"geometry":{"type":"Point","coordinates":[-46.44,-22.82]}},{"type":"Feature","properties":{"id":"3154507","nome":"Riacho dos Machados","uf":"MG"},"geometry":{"type":"Point","coordinates":[-45.6,-22.55]}},{"type":"Feature","properties":{"id":"3154606","nome":"Ribeirão das Neves","uf":"MG"},"geometry":{"type":"Point","coordinates":[-44.76,-22.28]}},{"type":"Feature","properties":{"id":"3154705","nome":"Ribeirão Vermelho","uf":"MG"},"geometry":{"type":"Point","coordinates":[-43.92,-22.01]}},{"type":"Feature","properties":{"id":"3154804","nome":"Rio Acima","uf":"MG"},"geometry":{"type":"Point","coordinates":[-43.08,-21.74]}},{"type":"Feature","properties":{"id":"3154903","nome":"Rio Casca","uf":"MG"},"geometry":{"type":"Point","coordinates":[-42.24,-21.47]}},{"type":"Feature","properties":{"id":"3155009","nome":"Rio Doce","uf":"MG"},"geometry":{"type":"Point","coordinates":[-41.4,-21.2]}},{"type":"Feature","properties":{"id":"3155108","nome":"Rio do Prado","uf":"MG"},"geometry":{"type":"Point","coordinates":[-40.56,-20.93]}},{"type":"Feature","properties":{"id":"3155207","nome":"Rio Espera","uf":"MG"},"geometry":{"type":"Point","coordinates":[-39.72,-20.66]}},{"type":"Feature","properties":{"id":"3155306","nome":"Rio Manso","uf":"MG"},"geometry":{"type":"Point","coordinates":[-50.88,-20.39]}},{"type":"Feature","properties":{"id":"3155405","nome":"Rio Novo","uf":"MG"},"geometry":{"type":"Point","coordinates":[-50.04,-20.12]}},{"type":"Feature","properties":{"id":"3155504","nome":"Rio Paranaíba","uf":"MG"},"geometry":{"type":"Point","coordinates":[-49.2,-19.85]}},{"type":"Feature","properties":{"id":"3155603","nome":"Rio Pardo de Minas","uf":"MG"},"geometry":{"type":"Point","coordinates":[-48.36,-19.58]}},{"type":"Feature","properties":{"id":"3155702","nome":"Rio Piracicaba","uf":"MG"},"geometry":{"type":"Point","coordinates":[-47.52,-19.31]}},{"type":"Feature","properties":{"id":"3155801","nome":"Rio Pomba","uf":"MG"},"geometry":{"type":"Point","coordinates":[-46.68,-19.04]}},{"type":"Feature","properties":{"id":"3155900","nome":"Rio Preto","uf":"MG"},"geometry":{"type":"Point","coordinates":[-45.84,-18.77]}},{"type":"Feature","properties":{"id":"3156007","nome":"Rio Vermelho","uf":"MG"},"geometry":{"type":"Point","coordinates":[-45,-18.5]}},{"type":"Feature","properties":{"id":"3156106","nome":"Ritápolis","uf":"MG"},"geometry":{"type":"Point","coordinates":[-44.16,-18.23]}},{"type":"Feature","properties":{"id":"3156205","nome":"Rochedo de Minas","uf":"MG"},"geometry":{"type":"Point","coordinates":[-43.32,-17.96]}},{"type":"Feature","properties":{"id":"3156304","nome":"Rodeiro","uf":"MG"},"geometry":{"type":"Point","coordinates":[-42.480000000000004,-17.69]}},{"type":"Feature","properties":{"id":"3156403","nome":"Romaria","uf":"MG"},"geometry":{"type":"Point","coordinates":[-41.64,-17.42]}},{"type":"Feature","properties":{"id":"3156452","nome":"Rosário da Limeira","uf":"MG"},"geometry":{"type":"Point","coordinates":[-40.8,-17.15]}},{"type":"Feature","properties":{"id":"3156502","nome":"Rubelita","uf":"MG"},"geometry":{"type":"Point","coordinates":[-39.96,-16.88]}},{"type":"Feature","properties":{"id":"3156601","nome":"Rubim","uf":"MG"},"geometry":{"type":"Point","coordinates":[-39.120000000000005,-16.61]}},{"type":"Feature","properties":{"id":"3156700","nome":"Sabará","uf":"MG"},"geometry":{"type":"Point","coordinates":[-50.28,-16.34]}},{"type":"Feature","properties":{"id":"3156809","nome":"Sabinópolis","uf":"MG"},"geometry":{"type":"Point","coordinates":[-49.44,-16.07]}},{"type":"Feature","properties":{"id":"3156908","nome":"Sacramento","uf":"MG"},"geometry":{"type":"Point","coordinates":[-48.6,-15.8]}},{"type":"Feature","properties":{"id":"3157005","nome":"Salinas","uf":"MG"},"geometry":{"type":"Point","coordinates":[-47.76,-15.530000000000001]}},{"type":"Feature","properties":{"id":"3157104","nome":"Salto da Divisa","uf":"MG"},"geometry":{"type":"Point","coordinates":[-46.92,-15.260000000000002]}},{"type":"Feature","properties":{"id":"3157203","nome":"Santa Bárbara","uf":"MG"},"geometry":{"type":"Point","coordinates":[-46.08,-14.99]}},{"type":"Feature","properties":{"id":"3157252","nome":"Santa Bárbara do Leste","uf":"MG"},"geometry":{"type":"Point","coordinates":[-45.24,-14.72]}},{"type":"Feature","properties":{"id":"3157278","nome":"Santa Bárbara do Monte Verde","uf":"MG"},"geometry":{"type":"Point","coordinates":[-44.4,-14.450000000000001]}},{"type":"Feature","properties":{"id":"3157302","nome":"Santa Bárbara do Tugúrio","uf":"MG"},"geometry":{"type":"Point","coordinates":[-43.56,-14.18]}},{"type":"Feature","properties":{"id":"3157336","nome":"Santa Cruz de Minas","uf":"MG"},"geometry":{"type":"Point","coordinates":[-42.72,-22.91]}},{"type":"Feature","properties":{"id":"3157377","nome":"Santa Cruz de Salinas","uf":"MG"},"geometry":{"type":"Point","coordinates":[-41.88,-22.64]}},{"type":"Feature","properties":{"id":"3157401","nome":"Santa Cruz do Escalvado","uf":"MG"},"geometry":{"type":"Point","coordinates":[-41.04,-22.37]}},{"type":"Feature","properties":{"id":"3157500","nome":"Santa Efigênia de Minas","uf":"MG"},"geometry":{"type":"Point","coordinates":[-40.2,-22.1]}},{"type":"Feature","properties":{"id":"3157609","nome":"Santa Fé de Minas","uf":"MG"},"geometry":{"type":"Point","coordinates":[-39.36,-21.83]}},{"type":"Feature","properties":{"id":"3157658","nome":"Santa Helena de Minas","uf":"MG"},"geometry":{"type":"Point","coordinates":[-50.52,-21.56]}},{"type":"Feature","properties":{"id":"3157708","nome":"Santa Juliana","uf":"MG"},"geometry":{"type":"Point","coordinates":[-49.68,-21.29]}},{"type":"Feature","properties":{"id":"3157807","nome":"Santa Luzia","uf":"MG"},"geometry":{"type":"Point","coordinates":[-48.84,-21.02]}},{"type":"Feature","properties":{"id":"3157906","nome":"Santa Margarida","uf":"MG"},"geometry":{"type":"Point","coordinates":[-48,-20.75]}},{"type":"Feature","properties":{"id":"3158003","nome":"Santa Maria de Itabira","uf":"MG"},"geometry":{"type":"Point","coordinates":[-47.16,-20.48]}},{"type":"Feature","properties":{"id":"3158102","nome":"Santa Maria do Salto","uf":"MG"},"geometry":{"type":"Point","coordinates":[-46.32,-20.21]}},{"type":"Feature","properties":{"id":"3158201","nome":"Santa Maria do Suaçuí","uf":"MG"},"geometry":{"type":"Point","coordinates":[-45.480000000000004,-19.94]}},{"type":"Feature","properties":{"id":"3158300","nome":"Santana da Vargem","uf":"MG"},"geometry":{"type":"Point","coordinates":[-44.64,-19.67]}},{"type":"Feature","properties":{"id":"3158409","nome":"Santana de Cataguases","uf":"MG"},"geometry":{"type":"Point","coordinates":[-43.8,-19.4]}},{"type":"Feature","properties":{"id":"3158508","nome":"Santana de Pirapama","uf":"MG"},"geometry":{"type":"Point","coordinates":[-42.96,-19.13]}},{"type":"Feature","properties":{"id":"3158607","nome":"Santana do Deserto","uf":"MG"},"geometry":{"type":"Point","coordinates":[-42.120000000000005,-18.86]}},{"type":"Feature","properties":{"id":"3158706","nome":"Santana do Garambéu","uf":"MG"},"geometry":{"type":"Point","coordinates":[-41.28,-18.59]}},{"type":"Feature","properties":{"id":"3158805","nome":"Santana do Jacaré","uf":"MG"},"geometry":{"type":"Point","coordinates":[-40.44,-18.32]}},{"type":"Feature","properties":{"id":"3158904","nome":"Santana do Manhuaçu","uf":"MG"},"geometry":{"type":"Point","coordinates":[-39.6,-18.05]}},{"type":"Feature","properties":{"id":"3158953","nome":"Santana do Paraíso","uf":"MG"},"geometry":{"type":"Point","coordinates":[-50.76,-17.78]}},{"type":"Feature","properties":{"id":"3159001","nome":"Santana do Riacho","uf":"MG"},"geometry":{"type":"Point","coordinates":[-49.92,-17.509999999999998]}},{"type":"Feature","properties":{"id":"3159100","nome":"Santana dos Montes","uf":"MG"},"geometry":{"type":"Point","coordinates":[-49.08,-17.240000000000002]}},{"type":"Feature","properties":{"id":"3159209","nome":"Santa Rita de Caldas","uf":"MG"},"geometry":{"type":"Point","coordinates":[-48.24,-16.97]}},{"type":"Feature","properties":{"id":"3159308","nome":"Santa Rita de Jacutinga","uf":"MG"},"geometry":{"type":"Point","coordinates":[-47.4,-16.7]}},{"type":"Feature","properties":{"id":"3159357","nome":"Santa Rita de Minas","uf":"MG"},"geometry":{"type":"Point","coordinates":[-46.56,-16.43]}},{"type":"Feature","properties":{"id":"3159407","nome":"Santa Rita de Ibitipoca","uf":"MG"},"geometry":{"type":"Point","coordinates":[-45.72,-16.16]}},{"type":"Feature","properties":{"id":"3159506","nome":"Santa Rita do Itueto","uf":"MG"},"geometry":{"type":"Point","coordinates":[-44.88,-15.89]}},{"type":"Feature","properties":{"id":"3159605","nome":"Santa Rita do Sapucaí","uf":"MG"},"geometry":{"type":"Point","coordinates":[-44.04,-15.620000000000001]}},{"type":"Feature","properties":{"id":"3159704","nome":"Santa Rosa da Serra","uf":"MG"},"geometry":{"type":"Point","coordinates":[-43.2,-15.350000000000001]}},{"type":"Feature","properties":{"id":"3159803","nome":"Santa Vitória","uf":"MG"},"geometry":{"type":"Point","coordinates":[-42.36,-15.08]}},{"type":"Feature","properties":{"id":"3159902","nome":"Santo Antônio do Amparo","uf":"MG"},"geometry":{"type":"Point","coordinates":[-41.519999999999996,-14.81]}},{"type":"Feature","properties":{"id":"3160009","nome":"Santo Antônio do Aventureiro","uf":"MG"},"geometry":{"type":"Point","coordinates":[-40.68,-14.540000000000001]}},{"type":"Feature","properties":{"id":"3160108","nome":"Santo Antônio do Grama","uf":"MG"},"geometry":{"type":"Point","coordinates":[-39.84,-14.27]}},{"type":"Feature","properties":{"id":"3160207","nome":"Santo Antônio do Itambé","uf":"MG"},"geometry":{"type":"Point","coordinates":[-51,-23]}},{"type":"Feature","properties":{"id":"3160306","nome":"Santo Antônio do Jacinto","uf":"MG"},"geometry":{"type":"Point","coordinates":[-50.16,-22.73]}},{"type":"Feature","properties":{"id":"3160405","nome":"Santo Antônio do Monte","uf":"MG"},"geometry":{"type":"Point","coordinates":[-49.32,-22.46]}},{"type":"Feature","properties":{"id":"3160454","nome":"Santo Antônio do Retiro","uf":"MG"},"geometry":{"type":"Point","coordinates":[-48.48,-22.19]}},{"type":"Feature","properties":{"id":"3160504","nome":"Santo Antônio do Rio Abaixo","uf":"MG"},"geometry":{"type":"Point","coordinates":[-47.64,-21.92]}},{"type":"Feature","properties":{"id":"3160603","nome":"Santo Hipólito","uf":"MG"},"geometry":{"type":"Point","coordinates":[-46.8,-21.65]}},{"type":"Feature","properties":{"id":"3160702","nome":"Santos Dumont","uf":"MG"},"geometry":{"type":"Point","coordinates":[-45.96,-21.38]}},{"type":"Feature","properties":{"id":"3160801","nome":"São Bento Abade","uf":"MG"},"geometry":{"type":"Point","coordinates":[-45.12,-21.11]}},{"type":"Feature","properties":{"id":"3160900","nome":"São Brás do Suaçuí","uf":"MG"},"geometry":{"type":"Point","coordinates":[-44.28,-20.84]}},{"type":"Feature","properties":{"id":"3160959","nome":"São Domingos das Dores","uf":"MG"},"geometry":{"type":"Point","coordinates":[-43.44,-20.57]}},{"type":"Feature","properties":{"id":"3161007","nome":"São Domingos do Prata","uf":"MG"},"geometry":{"type":"Point","coordinates":[-42.6,-20.3]}},{"type":"Feature","properties":{"id":"3161056","nome":"São Félix de Minas","uf":"MG"},"geometry":{"type":"Point","coordinates":[-41.76,-20.03]}},{"type":"Feature","properties":{"id":"3161106","nome":"São Francisco","uf":"MG"},"geometry":{"type":"Point","coordinates":[-40.92,-19.76]}},{"type":"Feature","properties":{"id":"3161205","nome":"São Francisco de Paula","uf":"MG"},"geometry":{"type":"Point","coordinates":[-40.08,-19.490000000000002]}},{"type":"Feature","properties":{"id":"3161304","nome":"São Francisco de Sales","uf":"MG"},"geometry":{"type":"Point","coordinates":[-39.24,-19.22]}},{"type":"Feature","properties":{"id":"3161403","nome":"São Francisco do Glória","uf":"MG"},"geometry":{"type":"Point","coordinates":[-50.4,-18.95]}},{"type":"Feature","properties":{"id":"3161502","nome":"São Geraldo","uf":"MG"},"geometry":{"type":"Point","coordinates":[-49.56,-18.68]}},{"type":"Feature","properties":{"id":"3161601","nome":"São Geraldo da Piedade","uf":"MG"},"geometry":{"type":"Point","coordinates":[-48.72,-18.41]}},{"type":"Feature","properties":{"id":"3161650","nome":"São Geraldo do Baixio","uf":"MG"},"geometry":{"type":"Point","coordinates":[-47.88,-18.14]}},{"type":"Feature","properties":{"id":"3161700","nome":"São Gonçalo do Abaeté","uf":"MG"},"geometry":{"type":"Point","coordinates":[-47.04,-17.87]}},{"type":"Feature","properties":{"id":"3161809","nome":"São Gonçalo do Pará","uf":"MG"},"geometry":{"type":"Point","coordinates":[-46.2,-17.6]}},{"type":"Feature","properties":{"id":"3161908","nome":"São Gonçalo do Rio Abaixo","uf":"MG"},"geometry":{"type":"Point","coordinates":[-45.36,-17.33]}},{"type":"Feature","properties":{"id":"3162005","nome":"São Gonçalo do Sapucaí","uf":"MG"},"geometry":{"type":"Point","coordinates":[-44.52,-17.060000000000002]}},{"type":"Feature","properties":{"id":"3162104","nome":"São Gotardo","uf":"MG"},"geometry":{"type":"Point","coordinates":[-43.68,-16.79]}},{"type":"Feature","properties":{"id":"3162203","nome":"São João Batista do Glória","uf":"MG"},"geometry":{"type":"Point","coordinates":[-42.84,-16.52]}},{"type":"Feature","properties":{"id":"3162252","nome":"São João da Lagoa","uf":"MG"},"geometry":{"type":"Point","coordinates":[-42,-16.25]}},{"type":"Feature","properties":{"id":"3162302","nome":"São João da Mata","uf":"MG"},"geometry":{"type":"Point","coordinates":[-41.16,-15.98]}},{"type":"Feature","properties":{"id":"3162401","nome":"São João da Ponte","uf":"MG"},"geometry":{"type":"Point","coordinates":[-40.32,-15.71]}},{"type":"Feature","properties":{"id":"3162450","nome":"São João das Missões","uf":"MG"},"geometry":{"type":"Point","coordinates":[-39.480000000000004,-15.440000000000001]}},{"type":"Feature","properties":{"id":"3162500","nome":"São João del Rei","uf":"MG"},"geometry":{"type":"Point","coordinates":[-50.64,-15.17]}},{"type":"Feature","properties":{"id":"3162559","nome":"São João do Manhuaçu","uf":"MG"},"geometry":{"type":"Point","coordinates":[-49.8,-14.9]}},{"type":"Feature","properties":{"id":"3162575","nome":"São João do Manteninha","uf":"MG"},"geometry":{"type":"Point","coordinates":[-48.96,-14.63]}},{"type":"Feature","properties":{"id":"3162609","nome":"São João do Oriente","uf":"MG"},"geometry":{"type":"Point","coordinates":[-48.12,-14.36]}},{"type":"Feature","properties":{"id":"3162658","nome":"São João do Pacuí","uf":"MG"},"geometry":{"type":"Point","coordinates":[-47.28,-14.09]}},{"type":"Feature","properties":{"id":"3162708","nome":"São João do Paraíso","uf":"MG"},"geometry":{"type":"Point","coordinates":[-46.44,-22.82]}},{"type":"Feature","properties":{"id":"3162807","nome":"São João Evangelista","uf":"MG"},"geometry":{"type":"Point","coordinates":[-45.6,-22.55]}},{"type":"Feature","properties":{"id":"3162906","nome":"São João Nepomuceno","uf":"MG"},"geometry":{"type":"Point","coordinates":[-44.76,-22.28]}},{"type":"Feature","properties":{"id":"3162922","nome":"São Joaquim de Bicas","uf":"MG"},"geometry":{"type":"Point","coordinates":[-43.92,-22.01]}},{"type":"Feature","properties":{"id":"3162948","nome":"São José da Barra","uf":"MG"},"geometry":{"type":"Point","coordinates":[-43.08,-21.74]}},{"type":"Feature","properties":{"id":"3162955","nome":"São José da Lapa","uf":"MG"},"geometry":{"type":"Point","coordinates":[-42.24,-21.47]}},{"type":"Feature","properties":{"id":"3163003","nome":"São José da Safira","uf":"MG"},"geometry":{"type":"Point","coordinates":[-41.4,-21.2]}},{"type":"Feature","properties":{"id":"3163102","nome":"São José da Varginha","uf":"MG"},"geometry":{"type":"Point","coordinates":[-40.56,-20.93]}},{"type":"Feature","properties":{"id":"3163201","nome":"São José do Alegre","uf":"MG"},"geometry":{"type":"Point","coordinates":[-39.72,-20.66]}},{"type":"Feature","properties":{"id":"3163300","nome":"São José do Divino","uf":"MG"},"geometry":{"type":"Point","coordinates":[-50.88,-20.39]}},{"type":"Feature","properties":{"id":"3163409","nome":"São José do Goiabal","uf":"MG"},"geometry":{"type":"Point","coordinates":[-50.04,-20.12]}},{"type":"Feature","properties":{"id":"3163508","nome":"São José do Jacuri","uf":"MG"},"geometry":{"type":"Point","coordinates":[-49.2,-19.85]}},{"type":"Feature","properties":{"id":"3163607","nome":"São José do Mantimento","uf":"MG"},"geometry":{"type":"Point","coordinates":[-48.36,-19.58]}},{"type":"Feature","properties":{"id":"3163706","nome":"São Lourenço","uf":"MG"},"geometry":{"type":"Point","coordinates":[-47.52,-19.31]}},{"type":"Feature","properties":{"id":"3163805","nome":"São Miguel do Anta","uf":"MG"},"geometry":{"type":"Point","coordinates":[-46.68,-19.04]}},{"type":"Feature","properties":{"id":"3163904","nome":"São Pedro da União","uf":"MG"},"geometry":{"type":"Point","coordinates":[-45.84,-18.77]}},{"type":"Feature","properties":{"id":"3164001","nome":"São Pedro dos Ferros","uf":"MG"},"geometry":{"type":"Point","coordinates":[-45,-18.5]}},{"type":"Feature","properties":{"id":"3164100","nome":"São Pedro do Suaçuí","uf":"MG"},"geometry":{"type":"Point","coordinates":[-44.16,-18.23]}},{"type":"Feature","properties":{"id":"3164209","nome":"São Romão","uf":"MG"},"geometry":{"type":"Point","coordinates":[-43.32,-17.96]}},{"type":"Feature","properties":{"id":"3164308","nome":"São Roque de Minas","uf":"MG"},"geometry":{"type":"Point","coordinates":[-42.480000000000004,-17.69]}},{"type":"Feature","properties":{"id":"3164407","nome":"São Sebastião da Bela Vista","uf":"MG"},"geometry":{"type":"Point","coordinates":[-41.64,-17.42]}},{"type":"Feature","properties":{"id":"3164431","nome":"São Sebastião da Vargem Alegre","uf":"MG"},"geometry":{"type":"Point","coordinates":[-40.8,-17.15]}},{"type":"Feature","properties":{"id":"3164472","nome":"São Sebastião do Anta","uf":"MG"},"geometry":{"type":"Point","coordinates":[-39.96,-16.88]}},{"type":"Feature","properties":{"id":"3164506","nome":"São Sebastião do Maranhão","uf":"MG"},"geometry":{"type":"Point","coordinates":[-39.120000000000005,-16.61]}},{"type":"Feature","properties":{"id":"3164605","nome":"São Sebastião do Oeste","uf":"MG"},"geometry":{"type":"Point","coordinates":[-50.28,-16.34]}},{"type":"Feature","properties":{"id":"3164704","nome":"São Sebastião do Paraíso","uf":"MG"},"geometry":{"type":"Point","coordinates":[-49.44,-16.07]}},{"type":"Feature","properties":{"id":"3164803","nome":"São Sebastião do Rio Preto","uf":"MG"},"geometry":{"type":"Point","coordinates":[-48.6,-15.8]}},{"type":"Feature","properties":{"id":"3164902","nome":"São Sebastião do Rio Verde","uf":"MG"},"geometry":{"type":"Point","coordinates":[-47.76,-15.530000000000001]}},{"type":"Feature","properties":{"id":"3165008","nome":"São Tiago","uf":"MG"},"geometry":{"type":"Point","coordinates":[-46.92,-15.260000000000002]}},{"type":"Feature","properties":{"id":"3165107","nome":"São Tomás de Aquino","uf":"MG"},"geometry":{"type":"Point","coordinates":[-46.08,-14.99]}},{"type":"Feature","properties":{"id":"3165206","nome":"São Tomé das Letras","uf":"MG"},"geometry":{"type":"Point","coordinates":[-45.24,-14.72]}},{"type":"Feature","properties":{"id":"3165305","nome":"São Vicente de Minas","uf":"MG"},"geometry":{"type":"Point","coordinates":[-44.4,-14.450000000000001]}},{"type":"Feature","properties":{"id":"3165404","nome":"Sapucaí-Mirim","uf":"MG"},"geometry":{"type":"Point","coordinates":[-43.56,-14.18]}},{"type":"Feature","properties":{"id":"3165503","nome":"Sardoá","uf":"MG"},"geometry":{"type":"Point","coordinates":[-42.72,-22.91]}},{"type":"Feature","properties":{"id":"3165537","nome":"Sarzedo","uf":"MG"},"geometry":{"type":"Point","coordinates":[-41.88,-22.64]}},{"type":"Feature","properties":{"id":"3165552","nome":"Setubinha","uf":"MG"},"geometry":{"type":"Point","coordinates":[-41.04,-22.37]}},{"type":"Feature","properties":{"id":"3165560","nome":"Sem-Peixe","uf":"MG"},"geometry":{"type":"Point","coordinates":[-40.2,-22.1]}},{"type":"Feature","properties":{"id":"3165578","nome":"Senador Amaral","uf":"MG"},"geometry":{"type":"Point","coordinates":[-39.36,-21.83]}},{"type":"Feature","properties":{"id":"3165602","nome":"Senador Cortes","uf":"MG"},"geometry":{"type":"Point","coordinates":[-50.52,-21.56]}},{"type":"Feature","properties":{"id":"3165701","nome":"Senador Firmino","uf":"MG"},"geometry":{"type":"Point","coordinates":[-49.68,-21.29]}},{"type":"Feature","properties":{"id":"3165800","nome":"Senador José Bento","uf":"MG"},"geometry":{"type":"Point","coordinates":[-48.84,-21.02]}},{"type":"Feature","properties":{"id":"3165909","nome":"Senador Modestino Gonçalves","uf":"MG"},"geometry":{"type":"Point","coordinates":[-48,-20.75]}},{"type":"Feature","properties":{"id":"3166006","nome":"Senhora de Oliveira","uf":"MG"},"geometry":{"type":"Point","coordinates":[-47.16,-20.48]}},{"type":"Feature","properties":{"id":"3166105","nome":"Senhora do Porto","uf":"MG"},"geometry":{"type":"Point","coordinates":[-46.32,-20.21]}},{"type":"Feature","properties":{"id":"3166204","nome":"Senhora dos Remédios","uf":"MG"},"geometry":{"type":"Point","coordinates":[-45.480000000000004,-19.94]}},{"type":"Feature","properties":{"id":"3166303","nome":"Sericita","uf":"MG"},"geometry":{"type":"Point","coordinates":[-44.64,-19.67]}},{"type":"Feature","properties":{"id":"3166402","nome":"Seritinga","uf":"MG"},"geometry":{"type":"Point","coordinates":[-43.8,-19.4]}},{"type":"Feature","properties":{"id":"3166501","nome":"Serra Azul de Minas","uf":"MG"},"geometry":{"type":"Point","coordinates":[-42.96,-19.13]}},{"type":"Feature","properties":{"id":"3166600","nome":"Serra da Saudade","uf":"MG"},"geometry":{"type":"Point","coordinates":[-42.120000000000005,-18.86]}},{"type":"Feature","properties":{"id":"3166709","nome":"Serra dos Aimorés","uf":"MG"},"geometry":{"type":"Point","coordinates":[-41.28,-18.59]}},{"type":"Feature","properties":{"id":"3166808","nome":"Serra do Salitre","uf":"MG"},"geometry":{"type":"Point","coordinates":[-40.44,-18.32]}},{"type":"Feature","properties":{"id":"3166907","nome":"Serrania","uf":"MG"},"geometry":{"type":"Point","coordinates":[-39.6,-18.05]}},{"type":"Feature","properties":{"id":"3166956","nome":"Serranópolis de Minas","uf":"MG"},"geometry":{"type":"Point","coordinates":[-50.76,-17.78]}},{"type":"Feature","properties":{"id":"3167004","nome":"Serranos","uf":"MG"},"geometry":{"type":"Point","coordinates":[-49.92,-17.509999999999998]}},{"type":"Feature","properties":{"id":"3167103","nome":"Serro","uf":"MG"},"geometry":{"type":"Point","coordinates":[-49.08,-17.240000000000002]}},{"type":"Feature","properties":{"id":"3167202","nome":"Sete Lagoas","uf":"MG"},"geometry":{"type":"Point","coordinates":[-48.24,-16.97]}},{"type":"Feature","properties":{"id":"3167301","nome":"Silveirânia","uf":"MG"},"geometry":{"type":"Point","coordinates":[-47.4,-16.7]}},{"type":"Feature","properties":{"id":"3167400","nome":"Silvianópolis","uf":"MG"},"geometry":{"type":"Point","coordinates":[-46.56,-16.43]}},{"type":"Feature","properties":{"id":"3167509","nome":"Simão Pereira","uf":"MG"},"geometry":{"type":"Point","coordinates":[-45.72,-16.16]}},{"type":"Feature","properties":{"id":"3167608","nome":"Simonésia","uf":"MG"},"geometry":{"type":"Point","coordinates":[-44.88,-15.89]}},{"type":"Feature","properties":{"id":"3167707","nome":"Sobrália","uf":"MG"},"geometry":{"type":"Point","coordinates":[-44.04,-15.620000000000001]}},{"type":"Feature","properties":{"id":"3167806","nome":"Soledade de Minas","uf":"MG"},"geometry":{"type":"Point","coordinates":[-43.2,-15.350000000000001]}},{"type":"Feature","properties":{"id":"3167905","nome":"Tabuleiro","uf":"MG"},"geometry":{"type":"Point","coordinates":[-42.36,-15.08]}},{"type":"Feature","properties":{"id":"3168002","nome":"Taiobeiras","uf":"MG"},"geometry":{"type":"Point","coordinates":[-41.519999999999996,-14.81]}},{"type":"Feature","properties":{"id":"3168051","nome":"Taparuba","uf":"MG"},"geometry":{"type":"Point","coordinates":[-40.68,-14.540000000000001]}},{"type":"Feature","properties":{"id":"3168101","nome":"Tapira","uf":"MG"},"geometry":{"type":"Point","coordinates":[-39.84,-14.27]}},{"type":"Feature","properties":{"id":"3168200","nome":"Tapiraí","uf":"MG"},"geometry":{"type":"Point","coordinates":[-51,-23]}},{"type":"Feature","properties":{"id":"3168309","nome":"Taquaraçu de Minas","uf":"MG"},"geometry":{"type":"Point","coordinates":[-50.16,-22.73]}},{"type":"Feature","properties":{"id":"3168408","nome":"Tarumirim","uf":"MG"},"geometry":{"type":"Point","coordinates":[-49.32,-22.46]}},{"type":"Feature","properties":{"id":"3168507","nome":"Teixeiras","uf":"MG"},"geometry":{"type":"Point","coordinates":[-48.48,-22.19]}},{"type":"Feature","properties":{"id":"3168606","nome":"Teófilo Otoni","uf":"MG"},"geometry":{"type":"Point","coordinates":[-47.64,-21.92]}},{"type":"Feature","properties":{"id":"3168705","nome":"Timóteo","uf":"MG"},"geometry":{"type":"Point","coordinates":[-46.8,-21.65]}},{"type":"Feature","properties":{"id":"3168804","nome":"Tiradentes","uf":"MG"},"geometry":{"type":"Point","coordinates":[-45.96,-21.38]}},{"type":"Feature","properties":{"id":"3168903","nome":"Tiros","uf":"MG"},"geometry":{"type":"Point","coordinates":[-45.12,-21.11]}},{"type":"Feature","properties":{"id":"3169000","nome":"Tocantins","uf":"MG"},"geometry":{"type":"Point","coordinates":[-44.28,-20.84]}},{"type":"Feature","properties":{"id":"3169059","nome":"Tocos do Moji","uf":"MG"},"geometry":{"type":"Point","coordinates":[-43.44,-20.57]}},{"type":"Feature","properties":{"id":"3169109","nome":"Toledo","uf":"MG"},"geometry":{"type":"Point","coordinates":[-42.6,-20.3]}},{"type":"Feature","properties":{"id":"3169208","nome":"Tombos","uf":"MG"},"geometry":{"type":"Point","coordinates":[-41.76,-20.03]}},{"type":"Feature","properties":{"id":"3169307","nome":"Três Corações","uf":"MG"},"geometry":{"type":"Point","coordinates":[-40.92,-19.76]}},{"type":"Feature","properties":{"id":"3169356","nome":"Três Marias","uf":"MG"},"geometry":{"type":"Point","coordinates":[-40.08,-19.490000000000002]}},{"type":"Feature","properties":{"id":"3169406","nome":"Três Pontas","uf":"MG"},"geometry":{"type":"Point","coordinates":[-39.24,-19.22]}},{"type":"Feature","properties":{"id":"3169505","nome":"Tumiritinga","uf":"MG"},"geometry":{"type":"Point","coordinates":[-50.4,-18.95]}},{"type":"Feature","properties":{"id":"3169604","nome":"Tupaciguara","uf":"MG"},"geometry":{"type":"Point","coordinates":[-49.56,-18.68]}},{"type":"Feature","properties":{"id":"3169703","nome":"Turmalina","uf":"MG"},"geometry":{"type":"Point","coordinates":[-48.72,-18.41]}},{"type":"Feature","properties":{"id":"3169802","nome":"Turvolândia","uf":"MG"},"geometry":{"type":"Point","coordinates":[-47.88,-18.14]}},{"type":"Feature","properties":{"id":"3169901","nome":"Ubá","uf":"MG"},"geometry":{"type":"Point","coordinates":[-47.04,-17.87]}},{"type":"Feature","properties":{"id":"3170008","nome":"Ubaí","uf":"MG"},"geometry":{"type":"Point","coordinates":[-46.2,-17.6]}},{"type":"Feature","properties":{"id":"3170057","nome":"Ubaporanga","uf":"MG"},"geometry":{"type":"Point","coordinates":[-45.36,-17.33]}},{"type":"Feature","properties":{"id":"3170107","nome":"Uberaba","uf":"MG"},"geometry":{"type":"Point","coordinates":[-44.52,-17.060000000000002]}},{"type":"Feature","properties":{"id":"3170206","nome":"Uberlândia","uf":"MG"},"geometry":{"type":"Point","coordinates":[-43.68,-16.79]}},{"type":"Feature","properties":{"id":"3170305","nome":"Umburatiba","uf":"MG"},"geometry":{"type":"Point","coordinates":[-42.84,-16.52]}},{"type":"Feature","properties":{"id":"3170404","nome":"Unaí","uf":"MG"},"geometry":{"type":"Point","coordinates":[-42,-16.25]}},{"type":"Feature","properties":{"id":"3170438","nome":"União de Minas","uf":"MG"},"geometry":{"type":"Point","coordinates":[-41.16,-15.98]}},{"type":"Feature","properties":{"id":"3170479","nome":"Uruana de Minas","uf":"MG"},"geometry":{"type":"Point","coordinates":[-40.32,-15.71]}},{"type":"Feature","properties":{"id":"3170503","nome":"Urucânia","uf":"MG"},"geometry":{"type":"Point","coordinates":[-39.480000000000004,-15.440000000000001]}},{"type":"Feature","properties":{"id":"3170529","nome":"Urucuia","uf":"MG"},"geometry":{"type":"Point","coordinates":[-50.64,-15.17]}},{"type":"Feature","properties":{"id":"3170578","nome":"Vargem Alegre","uf":"MG"},"geometry":{"type":"Point","coordinates":[-49.8,-14.9]}},{"type":"Feature","properties":{"id":"3170602","nome":"Vargem Bonita","uf":"MG"},"geometry":{"type":"Point","coordinates":[-48.96,-14.63]}},{"type":"Feature","properties":{"id":"3170651","nome":"Vargem Grande do Rio Pardo","uf":"MG"},"geometry":{"type":"Point","coordinates":[-48.12,-14.36]}},{"type":"Feature","properties":{"id":"3170701","nome":"Varginha","uf":"MG"},"geometry":{"type":"Point","coordinates":[-47.28,-14.09]}},{"type":"Feature","properties":{"id":"3170750","nome":"Varjão de Minas","uf":"MG"},"geometry":{"type":"Point","coordinates":[-46.44,-22.82]}},{"type":"Feature","properties":{"id":"3170800","nome":"Várzea da Palma","uf":"MG"},"geometry":{"type":"Point","coordinates":[-45.6,-22.55]}},{"type":"Feature","properties":{"id":"3170909","nome":"Varzelândia","uf":"MG"},"geometry":{"type":"Point","coordinates":[-44.76,-22.28]}},{"type":"Feature","properties":{"id":"3171006","nome":"Vazante","uf":"MG"},"geometry":{"type":"Point","coordinates":[-43.92,-22.01]}},{"type":"Feature","properties":{"id":"3171030","nome":"Verdelândia","uf":"MG"},"geometry":{"type":"Point","coordinates":[-43.08,-21.74]}},{"type":"Feature","properties":{"id":"3171071","nome":"Veredinha","uf":"MG"},"geometry":{"type":"Point","coordinates":[-42.24,-21.47]}},{"type":"Feature","properties":{"id":"3171105","nome":"Veríssimo","uf":"MG"},"geometry":{"type":"Point","coordinates":[-41.4,-21.2]}},{"type":"Feature","properties":{"id":"3171154","nome":"Vermelho Novo","uf":"MG"},"geometry":{"type":"Point","coordinates":[-40.56,-20.93]}},{"type":"Feature","properties":{"id":"3171204","nome":"Vespasiano","uf":"MG"},"geometry":{"type":"Point","coordinates":[-39.72,-20.66]}},{"type":"Feature","properties":{"id":"3171303","nome":"Viçosa","uf":"MG"},"geometry":{"type":"Point","coordinates":[-50.88,-20.39]}},{"type":"Feature","properties":{"id":"3171402","nome":"Vieiras","uf":"MG"},"geometry":{"type":"Point","coordinates":[-50.04,-20.12]}},{"type":"Feature","properties":{"id":"3171501","nome":"Mathias Lobato","uf":"MG"},"geometry":{"type":"Point","coordinates":[-49.2,-19.85]}},{"type":"Feature","properties":{"id":"3171600","nome":"Virgem da Lapa","uf":"MG"},"geometry":{"type":"Point","coordinates":[-48.36,-19.58]}},{"type":"Feature","properties":{"id":"3171709","nome":"Virgínia","uf":"MG"},"geometry":{"type":"Point","coordinates":[-47.52,-19.31]}},{"type":"Feature","properties":{"id":"3171808","nome":"Virginópolis","uf":"MG"},"geometry":{"type":"Point","coordinates":[-46.68,-19.04]}},{"type":"Feature","properties":{"id":"3171907","nome":"Virgolândia","uf":"MG"},"geometry":{"type":"Point","coordinates":[-45.84,-18.77]}},{"type":"Feature","properties":{"id":"3172004","nome":"Visconde do Rio Branco","uf":"MG"},"geometry":{"type":"Point","coordinates":[-45,-18.5]}},{"type":"Feature","properties":{"id":"3172103","nome":"Volta Grande","uf":"MG"},"geometry":{"type":"Point","coordinates":[-44.16,-18.23]}},{"type":"Feature","properties":{"id":"3172202","nome":"Wenceslau Braz","uf":"MG"},"geometry":{"type":"Point","coordinates":[-43.32,-17.96]}}]}